index, timestamp, power.draw [W], clocks.current.sm [MHz], clocks.current.memory [MHz], clocks.current.graphics [MHz], memory.used [MiB], memory.free [MiB]
0, 2021/01/22 04:09:48.466, [N/A], 607 MHz, 405 MHz, 607 MHz, 68 MiB, 1980 MiB
0, 2021/01/22 04:09:49.547, [N/A], 607 MHz, 405 MHz, 607 MHz, 68 MiB, 1980 MiB
0, 2021/01/22 04:09:50.670, [N/A], 607 MHz, 405 MHz, 607 MHz, 68 MiB, 1980 MiB
0, 2021/01/22 04:09:51.792, [N/A], 607 MHz, 405 MHz, 607 MHz, 68 MiB, 1980 MiB
0, 2021/01/22 04:09:52.917, [N/A], 607 MHz, 405 MHz, 607 MHz, 68 MiB, 1980 MiB
0, 2021/01/22 04:09:54.036, [N/A], 607 MHz, 405 MHz, 607 MHz, 68 MiB, 1980 MiB
0, 2021/01/22 04:09:55.156, [N/A], 607 MHz, 405 MHz, 607 MHz, 68 MiB, 1980 MiB
0, 2021/01/22 04:09:56.279, [N/A], 607 MHz, 405 MHz, 607 MHz, 68 MiB, 1980 MiB
0, 2021/01/22 04:09:57.398, [N/A], 607 MHz, 405 MHz, 607 MHz, 68 MiB, 1980 MiB
0, 2021/01/22 04:09:58.524, [N/A], 607 MHz, 405 MHz, 607 MHz, 68 MiB, 1980 MiB
0, 2021/01/22 04:09:59.653, [N/A], 607 MHz, 405 MHz, 607 MHz, 68 MiB, 1980 MiB
0, 2021/01/22 04:10:00.786, [N/A], 607 MHz, 405 MHz, 607 MHz, 68 MiB, 1980 MiB
0, 2021/01/22 04:10:01.906, [N/A], 607 MHz, 405 MHz, 607 MHz, 68 MiB, 1980 MiB
0, 2021/01/22 04:10:03.025, [N/A], 607 MHz, 405 MHz, 607 MHz, 68 MiB, 1980 MiB
0, 2021/01/22 04:10:04.157, [N/A], 607 MHz, 405 MHz, 607 MHz, 68 MiB, 1980 MiB
0, 2021/01/22 04:10:05.276, [N/A], 607 MHz, 405 MHz, 607 MHz, 68 MiB, 1980 MiB
0, 2021/01/22 04:10:06.396, [N/A], 607 MHz, 405 MHz, 607 MHz, 68 MiB, 1980 MiB
0, 2021/01/22 04:10:07.515, [N/A], 607 MHz, 405 MHz, 607 MHz, 68 MiB, 1980 MiB
0, 2021/01/22 04:10:08.645, [N/A], 1354 MHz, 3504 MHz, 1354 MHz, 80 MiB, 1968 MiB
0, 2021/01/22 04:10:09.661, [N/A], 1354 MHz, 3504 MHz, 1354 MHz, 376 MiB, 1672 MiB
0, 2021/01/22 04:10:10.675, [N/A], 1354 MHz, 3504 MHz, 1354 MHz, 468 MiB, 1580 MiB
0, 2021/01/22 04:10:11.686, [N/A], 1354 MHz, 3504 MHz, 1354 MHz, 468 MiB, 1580 MiB
0, 2021/01/22 04:10:12.697, [N/A], 1354 MHz, 3504 MHz, 1354 MHz, 468 MiB, 1580 MiB
0, 2021/01/22 04:10:13.710, [N/A], 1354 MHz, 3504 MHz, 1354 MHz, 468 MiB, 1580 MiB
0, 2021/01/22 04:10:14.727, [N/A], 1354 MHz, 3504 MHz, 1354 MHz, 468 MiB, 1580 MiB
0, 2021/01/22 04:10:15.744, [N/A], 1354 MHz, 3504 MHz, 1354 MHz, 468 MiB, 1580 MiB
0, 2021/01/22 04:10:16.759, [N/A], 1354 MHz, 3504 MHz, 1354 MHz, 472 MiB, 1576 MiB
0, 2021/01/22 04:10:17.774, [N/A], 1354 MHz, 3504 MHz, 1354 MHz, 660 MiB, 1388 MiB
0, 2021/01/22 04:10:18.792, [N/A], 1354 MHz, 3504 MHz, 1354 MHz, 1012 MiB, 1036 MiB
0, 2021/01/22 04:10:19.802, [N/A], 1759 MHz, 3504 MHz, 1759 MHz, 1216 MiB, 832 MiB
0, 2021/01/22 04:10:20.820, [N/A], 1759 MHz, 3504 MHz, 1759 MHz, 1284 MiB, 764 MiB
0, 2021/01/22 04:10:21.840, [N/A], 1759 MHz, 3504 MHz, 1759 MHz, 1286 MiB, 762 MiB
0, 2021/01/22 04:10:22.856, [N/A], 1759 MHz, 3504 MHz, 1759 MHz, 1286 MiB, 762 MiB
0, 2021/01/22 04:10:23.870, [N/A], 1759 MHz, 3504 MHz, 1759 MHz, 1286 MiB, 762 MiB
0, 2021/01/22 04:10:24.889, [N/A], 1759 MHz, 3504 MHz, 1759 MHz, 1286 MiB, 762 MiB
0, 2021/01/22 04:10:25.901, [N/A], 1759 MHz, 3504 MHz, 1759 MHz, 1286 MiB, 762 MiB
0, 2021/01/22 04:10:26.908, [N/A], 1759 MHz, 3504 MHz, 1759 MHz, 1286 MiB, 762 MiB
0, 2021/01/22 04:10:27.924, [N/A], 1759 MHz, 3504 MHz, 1759 MHz, 1286 MiB, 762 MiB
0, 2021/01/22 04:10:28.937, [N/A], 1759 MHz, 3504 MHz, 1759 MHz, 1286 MiB, 762 MiB
0, 2021/01/22 04:10:29.951, [N/A], 1759 MHz, 3504 MHz, 1759 MHz, 1286 MiB, 762 MiB
0, 2021/01/22 04:10:30.972, [N/A], 1759 MHz, 3504 MHz, 1759 MHz, 1286 MiB, 762 MiB
0, 2021/01/22 04:10:31.991, [N/A], 1759 MHz, 3504 MHz, 1759 MHz, 1286 MiB, 762 MiB
0, 2021/01/22 04:10:33.011, [N/A], 1759 MHz, 3504 MHz, 1759 MHz, 1286 MiB, 762 MiB
0, 2021/01/22 04:10:34.029, [N/A], 1746 MHz, 3504 MHz, 1746 MHz, 1286 MiB, 762 MiB
0, 2021/01/22 04:10:35.043, [N/A], 1746 MHz, 3504 MHz, 1746 MHz, 1286 MiB, 762 MiB
0, 2021/01/22 04:10:36.062, [N/A], 1746 MHz, 3504 MHz, 1746 MHz, 1286 MiB, 762 MiB
0, 2021/01/22 04:10:37.077, [N/A], 1746 MHz, 3504 MHz, 1746 MHz, 1286 MiB, 762 MiB
0, 2021/01/22 04:10:38.096, [N/A], 1746 MHz, 3504 MHz, 1746 MHz, 1286 MiB, 762 MiB
0, 2021/01/22 04:10:39.117, [N/A], 1746 MHz, 3504 MHz, 1746 MHz, 1286 MiB, 762 MiB
0, 2021/01/22 04:10:40.136, [N/A], 1746 MHz, 3504 MHz, 1746 MHz, 1356 MiB, 692 MiB
0, 2021/01/22 04:10:41.153, [N/A], 1746 MHz, 3504 MHz, 1746 MHz, 1356 MiB, 692 MiB
0, 2021/01/22 04:10:42.162, [N/A], 1746 MHz, 3504 MHz, 1746 MHz, 1356 MiB, 692 MiB
0, 2021/01/22 04:10:43.180, [N/A], 1746 MHz, 3504 MHz, 1746 MHz, 1356 MiB, 692 MiB
0, 2021/01/22 04:10:44.197, [N/A], 1506 MHz, 3504 MHz, 1506 MHz, 1356 MiB, 692 MiB
0, 2021/01/22 04:10:45.209, [N/A], 1506 MHz, 3504 MHz, 1506 MHz, 1356 MiB, 692 MiB
0, 2021/01/22 04:10:46.225, [N/A], 1354 MHz, 3504 MHz, 1354 MHz, 1356 MiB, 692 MiB
0, 2021/01/22 04:10:47.245, [N/A], 1354 MHz, 3504 MHz, 1354 MHz, 1356 MiB, 692 MiB
0, 2021/01/22 04:10:48.261, [N/A], 1354 MHz, 3504 MHz, 1354 MHz, 1356 MiB, 692 MiB
0, 2021/01/22 04:10:49.281, [N/A], 1354 MHz, 3504 MHz, 1354 MHz, 1356 MiB, 692 MiB
0, 2021/01/22 04:10:50.294, [N/A], 1354 MHz, 3504 MHz, 1354 MHz, 1356 MiB, 692 MiB
0, 2021/01/22 04:10:51.311, [N/A], 1354 MHz, 3504 MHz, 1354 MHz, 1356 MiB, 692 MiB
0, 2021/01/22 04:10:52.323, [N/A], 1354 MHz, 3504 MHz, 1354 MHz, 1356 MiB, 692 MiB
0, 2021/01/22 04:10:53.338, [N/A], 1746 MHz, 3504 MHz, 1746 MHz, 1356 MiB, 692 MiB
0, 2021/01/22 04:10:54.354, [N/A], 1746 MHz, 3504 MHz, 1746 MHz, 1356 MiB, 692 MiB
0, 2021/01/22 04:10:55.370, [N/A], 1746 MHz, 3504 MHz, 1746 MHz, 1356 MiB, 692 MiB
0, 2021/01/22 04:10:56.387, [N/A], 1746 MHz, 3504 MHz, 1746 MHz, 1356 MiB, 692 MiB
0, 2021/01/22 04:10:57.405, [N/A], 1746 MHz, 3504 MHz, 1746 MHz, 1356 MiB, 692 MiB
0, 2021/01/22 04:10:58.427, [N/A], 1746 MHz, 3504 MHz, 1746 MHz, 1356 MiB, 692 MiB
0, 2021/01/22 04:10:59.438, [N/A], 1746 MHz, 3504 MHz, 1746 MHz, 1356 MiB, 692 MiB
0, 2021/01/22 04:11:00.455, [N/A], 1746 MHz, 3504 MHz, 1746 MHz, 1356 MiB, 692 MiB
0, 2021/01/22 04:11:01.465, [N/A], 1746 MHz, 3504 MHz, 1746 MHz, 1356 MiB, 692 MiB
0, 2021/01/22 04:11:02.472, [N/A], 1746 MHz, 3504 MHz, 1746 MHz, 1356 MiB, 692 MiB
0, 2021/01/22 04:11:03.482, [N/A], 1746 MHz, 3504 MHz, 1746 MHz, 1356 MiB, 692 MiB
0, 2021/01/22 04:11:04.493, [N/A], 1746 MHz, 3504 MHz, 1746 MHz, 1356 MiB, 692 MiB
0, 2021/01/22 04:11:05.511, [N/A], 1746 MHz, 3504 MHz, 1746 MHz, 1356 MiB, 692 MiB
0, 2021/01/22 04:11:06.528, [N/A], 1746 MHz, 3504 MHz, 1746 MHz, 1356 MiB, 692 MiB
0, 2021/01/22 04:11:07.546, [N/A], 1746 MHz, 3504 MHz, 1746 MHz, 1356 MiB, 692 MiB
0, 2021/01/22 04:11:08.563, [N/A], 1746 MHz, 3504 MHz, 1746 MHz, 1356 MiB, 692 MiB
0, 2021/01/22 04:11:09.576, [N/A], 1746 MHz, 3504 MHz, 1746 MHz, 1356 MiB, 692 MiB
0, 2021/01/22 04:11:10.591, [N/A], 1746 MHz, 3504 MHz, 1746 MHz, 1356 MiB, 692 MiB
0, 2021/01/22 04:11:11.605, [N/A], 1746 MHz, 3504 MHz, 1746 MHz, 1356 MiB, 692 MiB
0, 2021/01/22 04:11:12.623, [N/A], 1746 MHz, 3504 MHz, 1746 MHz, 1356 MiB, 692 MiB
0, 2021/01/22 04:11:13.643, [N/A], 1746 MHz, 3504 MHz, 1746 MHz, 1356 MiB, 692 MiB
0, 2021/01/22 04:11:14.664, [N/A], 1746 MHz, 3504 MHz, 1746 MHz, 1356 MiB, 692 MiB
0, 2021/01/22 04:11:15.683, [N/A], 1746 MHz, 3504 MHz, 1746 MHz, 1356 MiB, 692 MiB
0, 2021/01/22 04:11:16.701, [N/A], 1746 MHz, 3504 MHz, 1746 MHz, 1356 MiB, 692 MiB
0, 2021/01/22 04:11:17.718, [N/A], 1746 MHz, 3504 MHz, 1746 MHz, 1356 MiB, 692 MiB
0, 2021/01/22 04:11:18.728, [N/A], 1746 MHz, 3504 MHz, 1746 MHz, 1356 MiB, 692 MiB
0, 2021/01/22 04:11:19.741, [N/A], 1746 MHz, 3504 MHz, 1746 MHz, 1356 MiB, 692 MiB
0, 2021/01/22 04:11:20.750, [N/A], 1746 MHz, 3504 MHz, 1746 MHz, 1356 MiB, 692 MiB
0, 2021/01/22 04:11:21.767, [N/A], 1746 MHz, 3504 MHz, 1746 MHz, 1356 MiB, 692 MiB
0, 2021/01/22 04:11:22.783, [N/A], 1746 MHz, 3504 MHz, 1746 MHz, 1356 MiB, 692 MiB
0, 2021/01/22 04:11:23.794, [N/A], 1746 MHz, 3504 MHz, 1746 MHz, 1356 MiB, 692 MiB
0, 2021/01/22 04:11:24.815, [N/A], 1746 MHz, 3504 MHz, 1746 MHz, 1356 MiB, 692 MiB
0, 2021/01/22 04:11:25.827, [N/A], 1746 MHz, 3504 MHz, 1746 MHz, 1356 MiB, 692 MiB
0, 2021/01/22 04:11:26.836, [N/A], 1746 MHz, 3504 MHz, 1746 MHz, 1356 MiB, 692 MiB
0, 2021/01/22 04:11:27.858, [N/A], 1746 MHz, 3504 MHz, 1746 MHz, 1356 MiB, 692 MiB
0, 2021/01/22 04:11:28.870, [N/A], 1746 MHz, 3504 MHz, 1746 MHz, 1356 MiB, 692 MiB
0, 2021/01/22 04:11:29.880, [N/A], 1746 MHz, 3504 MHz, 1746 MHz, 1356 MiB, 692 MiB
0, 2021/01/22 04:11:30.895, [N/A], 1746 MHz, 3504 MHz, 1746 MHz, 1356 MiB, 692 MiB
0, 2021/01/22 04:11:31.917, [N/A], 1746 MHz, 3504 MHz, 1746 MHz, 1356 MiB, 692 MiB
0, 2021/01/22 04:11:32.938, [N/A], 1354 MHz, 3504 MHz, 1354 MHz, 1356 MiB, 692 MiB
0, 2021/01/22 04:11:33.954, [N/A], 1354 MHz, 3504 MHz, 1354 MHz, 1356 MiB, 692 MiB
0, 2021/01/22 04:11:34.974, [N/A], 1354 MHz, 3504 MHz, 1354 MHz, 1356 MiB, 692 MiB
0, 2021/01/22 04:11:35.995, [N/A], 1354 MHz, 3504 MHz, 1354 MHz, 1356 MiB, 692 MiB
0, 2021/01/22 04:11:37.004, [N/A], 1354 MHz, 3504 MHz, 1354 MHz, 1356 MiB, 692 MiB
0, 2021/01/22 04:11:38.021, [N/A], 1354 MHz, 3504 MHz, 1354 MHz, 1356 MiB, 692 MiB
0, 2021/01/22 04:11:39.036, [N/A], 1746 MHz, 3504 MHz, 1746 MHz, 1356 MiB, 692 MiB
0, 2021/01/22 04:11:40.053, [N/A], 1746 MHz, 3504 MHz, 1746 MHz, 1356 MiB, 692 MiB
0, 2021/01/22 04:11:41.073, [N/A], 1746 MHz, 3504 MHz, 1746 MHz, 1356 MiB, 692 MiB
0, 2021/01/22 04:11:42.086, [N/A], 1746 MHz, 3504 MHz, 1746 MHz, 1356 MiB, 692 MiB
0, 2021/01/22 04:11:43.106, [N/A], 1746 MHz, 3504 MHz, 1746 MHz, 1356 MiB, 692 MiB
0, 2021/01/22 04:11:44.126, [N/A], 1746 MHz, 3504 MHz, 1746 MHz, 1356 MiB, 692 MiB
0, 2021/01/22 04:11:45.146, [N/A], 1746 MHz, 3504 MHz, 1746 MHz, 1356 MiB, 692 MiB
0, 2021/01/22 04:11:46.164, [N/A], 1746 MHz, 3504 MHz, 1746 MHz, 1356 MiB, 692 MiB
0, 2021/01/22 04:11:47.172, [N/A], 1746 MHz, 3504 MHz, 1746 MHz, 1356 MiB, 692 MiB
0, 2021/01/22 04:11:48.191, [N/A], 1746 MHz, 3504 MHz, 1746 MHz, 1356 MiB, 692 MiB
0, 2021/01/22 04:11:49.208, [N/A], 1746 MHz, 3504 MHz, 1746 MHz, 1356 MiB, 692 MiB
0, 2021/01/22 04:11:50.227, [N/A], 1746 MHz, 3504 MHz, 1746 MHz, 1356 MiB, 692 MiB
0, 2021/01/22 04:11:51.245, [N/A], 1746 MHz, 3504 MHz, 1746 MHz, 1356 MiB, 692 MiB
0, 2021/01/22 04:11:52.258, [N/A], 1746 MHz, 3504 MHz, 1746 MHz, 1356 MiB, 692 MiB
0, 2021/01/22 04:11:53.275, [N/A], 1746 MHz, 3504 MHz, 1746 MHz, 1356 MiB, 692 MiB
0, 2021/01/22 04:11:54.292, [N/A], 1746 MHz, 3504 MHz, 1746 MHz, 1356 MiB, 692 MiB
0, 2021/01/22 04:11:55.310, [N/A], 1746 MHz, 3504 MHz, 1746 MHz, 1356 MiB, 692 MiB
0, 2021/01/22 04:11:56.323, [N/A], 1746 MHz, 3504 MHz, 1746 MHz, 1356 MiB, 692 MiB
0, 2021/01/22 04:11:57.340, [N/A], 1746 MHz, 3504 MHz, 1746 MHz, 1356 MiB, 692 MiB
0, 2021/01/22 04:11:58.358, [N/A], 1746 MHz, 3504 MHz, 1746 MHz, 1356 MiB, 692 MiB
0, 2021/01/22 04:11:59.374, [N/A], 1746 MHz, 3504 MHz, 1746 MHz, 1356 MiB, 692 MiB
0, 2021/01/22 04:12:00.391, [N/A], 1746 MHz, 3504 MHz, 1746 MHz, 1356 MiB, 692 MiB
0, 2021/01/22 04:12:01.408, [N/A], 1746 MHz, 3504 MHz, 1746 MHz, 1356 MiB, 692 MiB
0, 2021/01/22 04:12:02.433, [N/A], 1746 MHz, 3504 MHz, 1746 MHz, 1356 MiB, 692 MiB
0, 2021/01/22 04:12:03.450, [N/A], 1746 MHz, 3504 MHz, 1746 MHz, 1356 MiB, 692 MiB
0, 2021/01/22 04:12:04.465, [N/A], 1746 MHz, 3504 MHz, 1746 MHz, 1356 MiB, 692 MiB
0, 2021/01/22 04:12:05.474, [N/A], 1746 MHz, 3504 MHz, 1746 MHz, 1356 MiB, 692 MiB
0, 2021/01/22 04:12:06.492, [N/A], 1746 MHz, 3504 MHz, 1746 MHz, 1356 MiB, 692 MiB
0, 2021/01/22 04:12:07.511, [N/A], 1746 MHz, 3504 MHz, 1746 MHz, 1356 MiB, 692 MiB
0, 2021/01/22 04:12:08.518, [N/A], 1746 MHz, 3504 MHz, 1746 MHz, 1356 MiB, 692 MiB
0, 2021/01/22 04:12:09.536, [N/A], 1746 MHz, 3504 MHz, 1746 MHz, 1356 MiB, 692 MiB
0, 2021/01/22 04:12:10.545, [N/A], 1746 MHz, 3504 MHz, 1746 MHz, 1356 MiB, 692 MiB
0, 2021/01/22 04:12:11.558, [N/A], 1746 MHz, 3504 MHz, 1746 MHz, 1356 MiB, 692 MiB
0, 2021/01/22 04:12:12.580, [N/A], 1746 MHz, 3504 MHz, 1746 MHz, 1356 MiB, 692 MiB
0, 2021/01/22 04:12:13.597, [N/A], 1746 MHz, 3504 MHz, 1746 MHz, 1356 MiB, 692 MiB
0, 2021/01/22 04:12:14.607, [N/A], 1746 MHz, 3504 MHz, 1746 MHz, 1356 MiB, 692 MiB
0, 2021/01/22 04:12:15.623, [N/A], 1746 MHz, 3504 MHz, 1746 MHz, 1356 MiB, 692 MiB
0, 2021/01/22 04:12:16.635, [N/A], 1746 MHz, 3504 MHz, 1746 MHz, 1356 MiB, 692 MiB
0, 2021/01/22 04:12:17.651, [N/A], 1746 MHz, 3504 MHz, 1746 MHz, 1356 MiB, 692 MiB
0, 2021/01/22 04:12:18.661, [N/A], 1354 MHz, 3504 MHz, 1354 MHz, 1356 MiB, 692 MiB
0, 2021/01/22 04:12:19.680, [N/A], 1354 MHz, 3504 MHz, 1354 MHz, 1356 MiB, 692 MiB
0, 2021/01/22 04:12:20.703, [N/A], 1746 MHz, 3504 MHz, 1746 MHz, 1356 MiB, 692 MiB
0, 2021/01/22 04:12:21.713, [N/A], 1746 MHz, 3504 MHz, 1746 MHz, 1356 MiB, 692 MiB
0, 2021/01/22 04:12:22.731, [N/A], 1746 MHz, 3504 MHz, 1746 MHz, 1356 MiB, 692 MiB
0, 2021/01/22 04:12:23.748, [N/A], 1746 MHz, 3504 MHz, 1746 MHz, 1356 MiB, 692 MiB
0, 2021/01/22 04:12:24.766, [N/A], 1746 MHz, 3504 MHz, 1746 MHz, 1356 MiB, 692 MiB
0, 2021/01/22 04:12:25.788, [N/A], 1746 MHz, 3504 MHz, 1746 MHz, 1356 MiB, 692 MiB
0, 2021/01/22 04:12:26.802, [N/A], 1746 MHz, 3504 MHz, 1746 MHz, 1356 MiB, 692 MiB
0, 2021/01/22 04:12:27.821, [N/A], 1746 MHz, 3504 MHz, 1746 MHz, 1356 MiB, 692 MiB
0, 2021/01/22 04:12:28.837, [N/A], 1746 MHz, 3504 MHz, 1746 MHz, 1356 MiB, 692 MiB
0, 2021/01/22 04:12:29.856, [N/A], 1746 MHz, 3504 MHz, 1746 MHz, 1356 MiB, 692 MiB
0, 2021/01/22 04:12:30.866, [N/A], 1746 MHz, 3504 MHz, 1746 MHz, 1356 MiB, 692 MiB
0, 2021/01/22 04:12:31.889, [N/A], 1746 MHz, 3504 MHz, 1746 MHz, 1356 MiB, 692 MiB
0, 2021/01/22 04:12:32.910, [N/A], 1746 MHz, 3504 MHz, 1746 MHz, 1356 MiB, 692 MiB
0, 2021/01/22 04:12:33.927, [N/A], 1746 MHz, 3504 MHz, 1746 MHz, 1356 MiB, 692 MiB
0, 2021/01/22 04:12:34.945, [N/A], 1746 MHz, 3504 MHz, 1746 MHz, 1356 MiB, 692 MiB
0, 2021/01/22 04:12:35.962, [N/A], 1746 MHz, 3504 MHz, 1746 MHz, 1356 MiB, 692 MiB
0, 2021/01/22 04:12:36.972, [N/A], 1746 MHz, 3504 MHz, 1746 MHz, 1356 MiB, 692 MiB
0, 2021/01/22 04:12:37.983, [N/A], 1746 MHz, 3504 MHz, 1746 MHz, 1356 MiB, 692 MiB
0, 2021/01/22 04:12:38.996, [N/A], 1746 MHz, 3504 MHz, 1746 MHz, 1356 MiB, 692 MiB
0, 2021/01/22 04:12:40.015, [N/A], 1746 MHz, 3504 MHz, 1746 MHz, 1356 MiB, 692 MiB
0, 2021/01/22 04:12:41.025, [N/A], 1746 MHz, 3504 MHz, 1746 MHz, 1356 MiB, 692 MiB
0, 2021/01/22 04:12:42.036, [N/A], 1746 MHz, 3504 MHz, 1746 MHz, 1356 MiB, 692 MiB
0, 2021/01/22 04:12:43.051, [N/A], 1746 MHz, 3504 MHz, 1746 MHz, 1356 MiB, 692 MiB
0, 2021/01/22 04:12:44.069, [N/A], 1746 MHz, 3504 MHz, 1746 MHz, 1356 MiB, 692 MiB
0, 2021/01/22 04:12:45.086, [N/A], 1746 MHz, 3504 MHz, 1746 MHz, 1356 MiB, 692 MiB
0, 2021/01/22 04:12:46.104, [N/A], 1746 MHz, 3504 MHz, 1746 MHz, 1356 MiB, 692 MiB
0, 2021/01/22 04:12:47.122, [N/A], 1746 MHz, 3504 MHz, 1746 MHz, 1356 MiB, 692 MiB
0, 2021/01/22 04:12:48.138, [N/A], 1746 MHz, 3504 MHz, 1746 MHz, 1356 MiB, 692 MiB
0, 2021/01/22 04:12:49.155, [N/A], 1746 MHz, 3504 MHz, 1746 MHz, 1356 MiB, 692 MiB
0, 2021/01/22 04:12:50.171, [N/A], 1746 MHz, 3504 MHz, 1746 MHz, 1356 MiB, 692 MiB
0, 2021/01/22 04:12:51.191, [N/A], 1746 MHz, 3504 MHz, 1746 MHz, 1356 MiB, 692 MiB
0, 2021/01/22 04:12:52.208, [N/A], 1746 MHz, 3504 MHz, 1746 MHz, 1356 MiB, 692 MiB
0, 2021/01/22 04:12:53.229, [N/A], 1746 MHz, 3504 MHz, 1746 MHz, 1356 MiB, 692 MiB
0, 2021/01/22 04:12:54.245, [N/A], 1746 MHz, 3504 MHz, 1746 MHz, 1356 MiB, 692 MiB
0, 2021/01/22 04:12:55.266, [N/A], 1746 MHz, 3504 MHz, 1746 MHz, 1356 MiB, 692 MiB
0, 2021/01/22 04:12:56.283, [N/A], 1746 MHz, 3504 MHz, 1746 MHz, 1356 MiB, 692 MiB
0, 2021/01/22 04:12:57.301, [N/A], 1746 MHz, 3504 MHz, 1746 MHz, 1356 MiB, 692 MiB
0, 2021/01/22 04:12:58.325, [N/A], 1746 MHz, 3504 MHz, 1746 MHz, 1356 MiB, 692 MiB
0, 2021/01/22 04:12:59.343, [N/A], 1746 MHz, 3504 MHz, 1746 MHz, 1356 MiB, 692 MiB
0, 2021/01/22 04:13:00.355, [N/A], 1746 MHz, 3504 MHz, 1746 MHz, 1356 MiB, 692 MiB
0, 2021/01/22 04:13:01.367, [N/A], 1746 MHz, 3504 MHz, 1746 MHz, 1356 MiB, 692 MiB
0, 2021/01/22 04:13:02.387, [N/A], 1746 MHz, 3504 MHz, 1746 MHz, 1356 MiB, 692 MiB
0, 2021/01/22 04:13:03.402, [N/A], 1746 MHz, 3504 MHz, 1746 MHz, 1356 MiB, 692 MiB
0, 2021/01/22 04:13:04.420, [N/A], 1746 MHz, 3504 MHz, 1746 MHz, 1356 MiB, 692 MiB
0, 2021/01/22 04:13:05.434, [N/A], 1746 MHz, 3504 MHz, 1746 MHz, 1356 MiB, 692 MiB
0, 2021/01/22 04:13:06.451, [N/A], 1544 MHz, 3504 MHz, 1544 MHz, 1356 MiB, 692 MiB
0, 2021/01/22 04:13:07.464, [N/A], 1544 MHz, 3504 MHz, 1544 MHz, 1356 MiB, 692 MiB
0, 2021/01/22 04:13:08.485, [N/A], 1544 MHz, 3504 MHz, 1544 MHz, 1356 MiB, 692 MiB
0, 2021/01/22 04:13:09.503, [N/A], 1354 MHz, 3504 MHz, 1354 MHz, 1356 MiB, 692 MiB
0, 2021/01/22 04:13:10.517, [N/A], 1354 MHz, 3504 MHz, 1354 MHz, 1356 MiB, 692 MiB
0, 2021/01/22 04:13:11.538, [N/A], 1354 MHz, 3504 MHz, 1354 MHz, 1356 MiB, 692 MiB
0, 2021/01/22 04:13:12.556, [N/A], 1354 MHz, 3504 MHz, 1354 MHz, 1356 MiB, 692 MiB
0, 2021/01/22 04:13:13.573, [N/A], 1354 MHz, 3504 MHz, 1354 MHz, 1356 MiB, 692 MiB
0, 2021/01/22 04:13:14.589, [N/A], 1354 MHz, 3504 MHz, 1354 MHz, 1356 MiB, 692 MiB
0, 2021/01/22 04:13:15.606, [N/A], 1354 MHz, 3504 MHz, 1354 MHz, 1356 MiB, 692 MiB
0, 2021/01/22 04:13:16.626, [N/A], 1493 MHz, 3504 MHz, 1493 MHz, 1356 MiB, 692 MiB
0, 2021/01/22 04:13:17.643, [N/A], 1746 MHz, 3504 MHz, 1746 MHz, 1356 MiB, 692 MiB
0, 2021/01/22 04:13:18.661, [N/A], 1746 MHz, 3504 MHz, 1746 MHz, 1356 MiB, 692 MiB
0, 2021/01/22 04:13:19.678, [N/A], 1746 MHz, 3504 MHz, 1746 MHz, 1356 MiB, 692 MiB
0, 2021/01/22 04:13:20.696, [N/A], 1746 MHz, 3504 MHz, 1746 MHz, 1356 MiB, 692 MiB
0, 2021/01/22 04:13:21.712, [N/A], 1746 MHz, 3504 MHz, 1746 MHz, 1356 MiB, 692 MiB
0, 2021/01/22 04:13:22.729, [N/A], 1746 MHz, 3504 MHz, 1746 MHz, 1356 MiB, 692 MiB
0, 2021/01/22 04:13:23.745, [N/A], 1746 MHz, 3504 MHz, 1746 MHz, 1356 MiB, 692 MiB
0, 2021/01/22 04:13:24.762, [N/A], 1746 MHz, 3504 MHz, 1746 MHz, 1356 MiB, 692 MiB
0, 2021/01/22 04:13:25.771, [N/A], 1746 MHz, 3504 MHz, 1746 MHz, 1356 MiB, 692 MiB
0, 2021/01/22 04:13:26.782, [N/A], 1746 MHz, 3504 MHz, 1746 MHz, 1356 MiB, 692 MiB
0, 2021/01/22 04:13:27.799, [N/A], 1746 MHz, 3504 MHz, 1746 MHz, 1356 MiB, 692 MiB
0, 2021/01/22 04:13:28.817, [N/A], 1746 MHz, 3504 MHz, 1746 MHz, 1356 MiB, 692 MiB
0, 2021/01/22 04:13:29.834, [N/A], 1746 MHz, 3504 MHz, 1746 MHz, 1356 MiB, 692 MiB
0, 2021/01/22 04:13:30.851, [N/A], 1746 MHz, 3504 MHz, 1746 MHz, 1356 MiB, 692 MiB
0, 2021/01/22 04:13:31.867, [N/A], 1746 MHz, 3504 MHz, 1746 MHz, 1356 MiB, 692 MiB
0, 2021/01/22 04:13:32.883, [N/A], 1746 MHz, 3504 MHz, 1746 MHz, 1356 MiB, 692 MiB
0, 2021/01/22 04:13:33.899, [N/A], 1746 MHz, 3504 MHz, 1746 MHz, 1356 MiB, 692 MiB
0, 2021/01/22 04:13:34.921, [N/A], 1746 MHz, 3504 MHz, 1746 MHz, 1356 MiB, 692 MiB
0, 2021/01/22 04:13:35.930, [N/A], 1746 MHz, 3504 MHz, 1746 MHz, 1356 MiB, 692 MiB
0, 2021/01/22 04:13:36.954, [N/A], 1746 MHz, 3504 MHz, 1746 MHz, 1356 MiB, 692 MiB
0, 2021/01/22 04:13:37.968, [N/A], 1746 MHz, 3504 MHz, 1746 MHz, 1356 MiB, 692 MiB
0, 2021/01/22 04:13:38.986, [N/A], 1746 MHz, 3504 MHz, 1746 MHz, 1356 MiB, 692 MiB
0, 2021/01/22 04:13:40.004, [N/A], 1746 MHz, 3504 MHz, 1746 MHz, 1356 MiB, 692 MiB
0, 2021/01/22 04:13:41.021, [N/A], 1746 MHz, 3504 MHz, 1746 MHz, 1356 MiB, 692 MiB
0, 2021/01/22 04:13:42.042, [N/A], 1746 MHz, 3504 MHz, 1746 MHz, 1356 MiB, 692 MiB
0, 2021/01/22 04:13:43.062, [N/A], 1746 MHz, 3504 MHz, 1746 MHz, 1356 MiB, 692 MiB
0, 2021/01/22 04:13:44.078, [N/A], 1746 MHz, 3504 MHz, 1746 MHz, 1356 MiB, 692 MiB
0, 2021/01/22 04:13:45.092, [N/A], 1746 MHz, 3504 MHz, 1746 MHz, 1356 MiB, 692 MiB
0, 2021/01/22 04:13:46.104, [N/A], 1746 MHz, 3504 MHz, 1746 MHz, 1356 MiB, 692 MiB
0, 2021/01/22 04:13:47.122, [N/A], 1746 MHz, 3504 MHz, 1746 MHz, 1356 MiB, 692 MiB
0, 2021/01/22 04:13:48.142, [N/A], 1746 MHz, 3504 MHz, 1746 MHz, 1356 MiB, 692 MiB
0, 2021/01/22 04:13:49.162, [N/A], 1746 MHz, 3504 MHz, 1746 MHz, 1356 MiB, 692 MiB
0, 2021/01/22 04:13:50.172, [N/A], 1746 MHz, 3504 MHz, 1746 MHz, 1356 MiB, 692 MiB
0, 2021/01/22 04:13:51.189, [N/A], 1746 MHz, 3504 MHz, 1746 MHz, 1356 MiB, 692 MiB
0, 2021/01/22 04:13:52.207, [N/A], 1746 MHz, 3504 MHz, 1746 MHz, 1356 MiB, 692 MiB
0, 2021/01/22 04:13:53.226, [N/A], 1746 MHz, 3504 MHz, 1746 MHz, 1356 MiB, 692 MiB
0, 2021/01/22 04:13:54.244, [N/A], 1746 MHz, 3504 MHz, 1746 MHz, 1356 MiB, 692 MiB
0, 2021/01/22 04:13:55.258, [N/A], 1746 MHz, 3504 MHz, 1746 MHz, 1356 MiB, 692 MiB
0, 2021/01/22 04:13:56.277, [N/A], 1354 MHz, 3504 MHz, 1354 MHz, 1356 MiB, 692 MiB
0, 2021/01/22 04:13:57.291, [N/A], 1354 MHz, 3504 MHz, 1354 MHz, 1356 MiB, 692 MiB
0, 2021/01/22 04:13:58.310, [N/A], 1354 MHz, 3504 MHz, 1354 MHz, 1356 MiB, 692 MiB
0, 2021/01/22 04:13:59.322, [N/A], 1746 MHz, 3504 MHz, 1746 MHz, 1356 MiB, 692 MiB
0, 2021/01/22 04:14:00.341, [N/A], 1746 MHz, 3504 MHz, 1746 MHz, 1356 MiB, 692 MiB
0, 2021/01/22 04:14:01.358, [N/A], 1746 MHz, 3504 MHz, 1746 MHz, 1356 MiB, 692 MiB
0, 2021/01/22 04:14:02.375, [N/A], 1746 MHz, 3504 MHz, 1746 MHz, 1356 MiB, 692 MiB
0, 2021/01/22 04:14:03.387, [N/A], 1746 MHz, 3504 MHz, 1746 MHz, 1356 MiB, 692 MiB
0, 2021/01/22 04:14:04.396, [N/A], 1746 MHz, 3504 MHz, 1746 MHz, 1356 MiB, 692 MiB
0, 2021/01/22 04:14:05.411, [N/A], 1746 MHz, 3504 MHz, 1746 MHz, 1356 MiB, 692 MiB
0, 2021/01/22 04:14:06.428, [N/A], 1746 MHz, 3504 MHz, 1746 MHz, 1356 MiB, 692 MiB
0, 2021/01/22 04:14:07.443, [N/A], 1746 MHz, 3504 MHz, 1746 MHz, 1356 MiB, 692 MiB
0, 2021/01/22 04:14:08.451, [N/A], 1746 MHz, 3504 MHz, 1746 MHz, 1356 MiB, 692 MiB
0, 2021/01/22 04:14:09.469, [N/A], 1746 MHz, 3504 MHz, 1746 MHz, 1356 MiB, 692 MiB
0, 2021/01/22 04:14:10.492, [N/A], 1746 MHz, 3504 MHz, 1746 MHz, 1356 MiB, 692 MiB
0, 2021/01/22 04:14:11.502, [N/A], 1746 MHz, 3504 MHz, 1746 MHz, 1356 MiB, 692 MiB
0, 2021/01/22 04:14:12.520, [N/A], 1746 MHz, 3504 MHz, 1746 MHz, 1356 MiB, 692 MiB
0, 2021/01/22 04:14:13.535, [N/A], 1746 MHz, 3504 MHz, 1746 MHz, 1356 MiB, 692 MiB
0, 2021/01/22 04:14:14.552, [N/A], 1746 MHz, 3504 MHz, 1746 MHz, 1356 MiB, 692 MiB
0, 2021/01/22 04:14:15.584, [N/A], 1746 MHz, 3504 MHz, 1746 MHz, 1356 MiB, 692 MiB
0, 2021/01/22 04:14:16.599, [N/A], 1746 MHz, 3504 MHz, 1746 MHz, 1356 MiB, 692 MiB
0, 2021/01/22 04:14:17.620, [N/A], 1746 MHz, 3504 MHz, 1746 MHz, 1356 MiB, 692 MiB
0, 2021/01/22 04:14:18.633, [N/A], 1746 MHz, 3504 MHz, 1746 MHz, 1356 MiB, 692 MiB
0, 2021/01/22 04:14:19.649, [N/A], 1746 MHz, 3504 MHz, 1746 MHz, 1356 MiB, 692 MiB
0, 2021/01/22 04:14:20.664, [N/A], 1746 MHz, 3504 MHz, 1746 MHz, 1356 MiB, 692 MiB
0, 2021/01/22 04:14:21.687, [N/A], 1746 MHz, 3504 MHz, 1746 MHz, 1356 MiB, 692 MiB
0, 2021/01/22 04:14:22.708, [N/A], 1746 MHz, 3504 MHz, 1746 MHz, 1356 MiB, 692 MiB
0, 2021/01/22 04:14:23.723, [N/A], 1746 MHz, 3504 MHz, 1746 MHz, 1356 MiB, 692 MiB
0, 2021/01/22 04:14:24.744, [N/A], 1746 MHz, 3504 MHz, 1746 MHz, 1356 MiB, 692 MiB
0, 2021/01/22 04:14:25.762, [N/A], 1746 MHz, 3504 MHz, 1746 MHz, 1356 MiB, 692 MiB
0, 2021/01/22 04:14:26.778, [N/A], 1746 MHz, 3504 MHz, 1746 MHz, 1356 MiB, 692 MiB
0, 2021/01/22 04:14:27.792, [N/A], 1746 MHz, 3504 MHz, 1746 MHz, 1356 MiB, 692 MiB
0, 2021/01/22 04:14:28.813, [N/A], 1746 MHz, 3504 MHz, 1746 MHz, 1356 MiB, 692 MiB
0, 2021/01/22 04:14:29.822, [N/A], 1746 MHz, 3504 MHz, 1746 MHz, 1356 MiB, 692 MiB
0, 2021/01/22 04:14:30.834, [N/A], 1746 MHz, 3504 MHz, 1746 MHz, 1356 MiB, 692 MiB
0, 2021/01/22 04:14:31.844, [N/A], 1746 MHz, 3504 MHz, 1746 MHz, 1356 MiB, 692 MiB
0, 2021/01/22 04:14:32.852, [N/A], 1746 MHz, 3504 MHz, 1746 MHz, 1356 MiB, 692 MiB
0, 2021/01/22 04:14:33.871, [N/A], 1746 MHz, 3504 MHz, 1746 MHz, 1356 MiB, 692 MiB
0, 2021/01/22 04:14:34.889, [N/A], 1746 MHz, 3504 MHz, 1746 MHz, 1356 MiB, 692 MiB
0, 2021/01/22 04:14:35.907, [N/A], 1746 MHz, 3504 MHz, 1746 MHz, 1356 MiB, 692 MiB
0, 2021/01/22 04:14:36.923, [N/A], 1746 MHz, 3504 MHz, 1746 MHz, 1356 MiB, 692 MiB
0, 2021/01/22 04:14:37.941, [N/A], 1746 MHz, 3504 MHz, 1746 MHz, 1356 MiB, 692 MiB
0, 2021/01/22 04:14:38.956, [N/A], 1746 MHz, 3504 MHz, 1746 MHz, 1356 MiB, 692 MiB
0, 2021/01/22 04:14:39.968, [N/A], 1746 MHz, 3504 MHz, 1746 MHz, 1356 MiB, 692 MiB
0, 2021/01/22 04:14:40.980, [N/A], 607 MHz, 405 MHz, 607 MHz, 1356 MiB, 692 MiB
0, 2021/01/22 04:14:42.208, [N/A], 139 MHz, 405 MHz, 139 MHz, 1356 MiB, 692 MiB
0, 2021/01/22 04:14:43.228, [N/A], 139 MHz, 405 MHz, 139 MHz, 1356 MiB, 692 MiB
0, 2021/01/22 04:14:44.245, [N/A], 139 MHz, 405 MHz, 139 MHz, 1356 MiB, 692 MiB
0, 2021/01/22 04:14:45.256, [N/A], 139 MHz, 405 MHz, 139 MHz, 1356 MiB, 692 MiB
0, 2021/01/22 04:14:46.273, [N/A], 139 MHz, 405 MHz, 139 MHz, 1356 MiB, 692 MiB
0, 2021/01/22 04:14:47.289, [N/A], 139 MHz, 405 MHz, 139 MHz, 1356 MiB, 692 MiB
0, 2021/01/22 04:14:48.301, [N/A], 139 MHz, 405 MHz, 139 MHz, 1356 MiB, 692 MiB
0, 2021/01/22 04:14:49.323, [N/A], 1354 MHz, 3504 MHz, 1354 MHz, 1356 MiB, 692 MiB
0, 2021/01/22 04:14:50.343, [N/A], 1493 MHz, 3504 MHz, 1493 MHz, 1356 MiB, 692 MiB
0, 2021/01/22 04:14:51.359, [N/A], 1746 MHz, 3504 MHz, 1746 MHz, 1356 MiB, 692 MiB
0, 2021/01/22 04:14:52.377, [N/A], 1746 MHz, 3504 MHz, 1746 MHz, 1356 MiB, 692 MiB
0, 2021/01/22 04:14:53.394, [N/A], 1746 MHz, 3504 MHz, 1746 MHz, 1356 MiB, 692 MiB
0, 2021/01/22 04:14:54.411, [N/A], 1506 MHz, 3504 MHz, 1506 MHz, 1356 MiB, 692 MiB
0, 2021/01/22 04:14:55.429, [N/A], 1506 MHz, 3504 MHz, 1506 MHz, 1356 MiB, 692 MiB
0, 2021/01/22 04:14:56.449, [N/A], 1506 MHz, 3504 MHz, 1506 MHz, 1356 MiB, 692 MiB
0, 2021/01/22 04:14:57.467, [N/A], 1354 MHz, 3504 MHz, 1354 MHz, 1356 MiB, 692 MiB
0, 2021/01/22 04:14:58.481, [N/A], 1354 MHz, 3504 MHz, 1354 MHz, 1356 MiB, 692 MiB
0, 2021/01/22 04:14:59.499, [N/A], 1354 MHz, 3504 MHz, 1354 MHz, 1356 MiB, 692 MiB
0, 2021/01/22 04:15:00.518, [N/A], 1354 MHz, 3504 MHz, 1354 MHz, 1356 MiB, 692 MiB
0, 2021/01/22 04:15:01.529, [N/A], 1354 MHz, 3504 MHz, 1354 MHz, 1356 MiB, 692 MiB
0, 2021/01/22 04:15:02.539, [N/A], 1354 MHz, 3504 MHz, 1354 MHz, 1356 MiB, 692 MiB
0, 2021/01/22 04:15:03.554, [N/A], 1354 MHz, 3504 MHz, 1354 MHz, 1356 MiB, 692 MiB
0, 2021/01/22 04:15:04.575, [N/A], 1354 MHz, 3504 MHz, 1354 MHz, 1356 MiB, 692 MiB
0, 2021/01/22 04:15:05.588, [N/A], 1354 MHz, 3504 MHz, 1354 MHz, 1356 MiB, 692 MiB
0, 2021/01/22 04:15:06.603, [N/A], 1354 MHz, 3504 MHz, 1354 MHz, 1356 MiB, 692 MiB
0, 2021/01/22 04:15:07.611, [N/A], 1354 MHz, 3504 MHz, 1354 MHz, 1356 MiB, 692 MiB
0, 2021/01/22 04:15:08.625, [N/A], 1354 MHz, 3504 MHz, 1354 MHz, 1356 MiB, 692 MiB
0, 2021/01/22 04:15:09.635, [N/A], 1354 MHz, 3504 MHz, 1354 MHz, 1356 MiB, 692 MiB
0, 2021/01/22 04:15:10.645, [N/A], 1354 MHz, 3504 MHz, 1354 MHz, 1356 MiB, 692 MiB
0, 2021/01/22 04:15:11.654, [N/A], 1354 MHz, 3504 MHz, 1354 MHz, 1356 MiB, 692 MiB
0, 2021/01/22 04:15:12.671, [N/A], 1354 MHz, 3504 MHz, 1354 MHz, 1356 MiB, 692 MiB
0, 2021/01/22 04:15:13.680, [N/A], 1354 MHz, 3504 MHz, 1354 MHz, 1356 MiB, 692 MiB
0, 2021/01/22 04:15:14.689, [N/A], 1354 MHz, 3504 MHz, 1354 MHz, 1356 MiB, 692 MiB
0, 2021/01/22 04:15:15.697, [N/A], 1354 MHz, 3504 MHz, 1354 MHz, 1356 MiB, 692 MiB
0, 2021/01/22 04:15:16.718, [N/A], 1354 MHz, 3504 MHz, 1354 MHz, 1356 MiB, 692 MiB
0, 2021/01/22 04:15:17.737, [N/A], 1354 MHz, 3504 MHz, 1354 MHz, 1356 MiB, 692 MiB
0, 2021/01/22 04:15:18.749, [N/A], 1354 MHz, 3504 MHz, 1354 MHz, 1356 MiB, 692 MiB
0, 2021/01/22 04:15:19.768, [N/A], 1354 MHz, 3504 MHz, 1354 MHz, 1356 MiB, 692 MiB
0, 2021/01/22 04:15:20.786, [N/A], 1354 MHz, 3504 MHz, 1354 MHz, 1356 MiB, 692 MiB
0, 2021/01/22 04:15:21.805, [N/A], 1354 MHz, 3504 MHz, 1354 MHz, 1356 MiB, 692 MiB
0, 2021/01/22 04:15:22.824, [N/A], 1354 MHz, 3504 MHz, 1354 MHz, 1356 MiB, 692 MiB
0, 2021/01/22 04:15:23.841, [N/A], 1354 MHz, 3504 MHz, 1354 MHz, 1356 MiB, 692 MiB
0, 2021/01/22 04:15:24.857, [N/A], 1354 MHz, 3504 MHz, 1354 MHz, 1356 MiB, 692 MiB
0, 2021/01/22 04:15:25.876, [N/A], 607 MHz, 405 MHz, 607 MHz, 1356 MiB, 692 MiB
0, 2021/01/22 04:15:27.105, [N/A], 139 MHz, 405 MHz, 139 MHz, 1356 MiB, 692 MiB
0, 2021/01/22 04:15:28.125, [N/A], 1354 MHz, 3504 MHz, 1354 MHz, 1356 MiB, 692 MiB
0, 2021/01/22 04:15:29.143, [N/A], 1746 MHz, 3504 MHz, 1746 MHz, 1356 MiB, 692 MiB
0, 2021/01/22 04:15:30.161, [N/A], 1746 MHz, 3504 MHz, 1746 MHz, 1356 MiB, 692 MiB
0, 2021/01/22 04:15:31.179, [N/A], 1746 MHz, 3504 MHz, 1746 MHz, 1356 MiB, 692 MiB
0, 2021/01/22 04:15:32.196, [N/A], 1746 MHz, 3504 MHz, 1746 MHz, 1356 MiB, 692 MiB
0, 2021/01/22 04:15:33.214, [N/A], 1746 MHz, 3504 MHz, 1746 MHz, 1356 MiB, 692 MiB
0, 2021/01/22 04:15:34.222, [N/A], 1746 MHz, 3504 MHz, 1746 MHz, 1356 MiB, 692 MiB
0, 2021/01/22 04:15:35.241, [N/A], 1746 MHz, 3504 MHz, 1746 MHz, 1356 MiB, 692 MiB
0, 2021/01/22 04:15:36.259, [N/A], 1746 MHz, 3504 MHz, 1746 MHz, 1356 MiB, 692 MiB
0, 2021/01/22 04:15:37.276, [N/A], 1746 MHz, 3504 MHz, 1746 MHz, 1356 MiB, 692 MiB
0, 2021/01/22 04:15:38.290, [N/A], 1746 MHz, 3504 MHz, 1746 MHz, 1356 MiB, 692 MiB
0, 2021/01/22 04:15:39.309, [N/A], 1746 MHz, 3504 MHz, 1746 MHz, 1356 MiB, 692 MiB
0, 2021/01/22 04:15:40.330, [N/A], 1746 MHz, 3504 MHz, 1746 MHz, 1356 MiB, 692 MiB
0, 2021/01/22 04:15:41.346, [N/A], 1746 MHz, 3504 MHz, 1746 MHz, 1356 MiB, 692 MiB
0, 2021/01/22 04:15:42.363, [N/A], 1746 MHz, 3504 MHz, 1746 MHz, 1356 MiB, 692 MiB
0, 2021/01/22 04:15:43.375, [N/A], 1354 MHz, 3504 MHz, 1354 MHz, 1356 MiB, 692 MiB
0, 2021/01/22 04:15:44.393, [N/A], 1354 MHz, 3504 MHz, 1354 MHz, 1356 MiB, 692 MiB
0, 2021/01/22 04:15:45.401, [N/A], 1354 MHz, 3504 MHz, 1354 MHz, 1356 MiB, 692 MiB
0, 2021/01/22 04:15:46.418, [N/A], 1354 MHz, 3504 MHz, 1354 MHz, 1356 MiB, 692 MiB
0, 2021/01/22 04:15:47.432, [N/A], 1354 MHz, 3504 MHz, 1354 MHz, 1356 MiB, 692 MiB
0, 2021/01/22 04:15:48.445, [N/A], 1354 MHz, 3504 MHz, 1354 MHz, 1356 MiB, 692 MiB
0, 2021/01/22 04:15:49.459, [N/A], 1354 MHz, 3504 MHz, 1354 MHz, 1356 MiB, 692 MiB
0, 2021/01/22 04:15:50.480, [N/A], 1354 MHz, 3504 MHz, 1354 MHz, 1356 MiB, 692 MiB
0, 2021/01/22 04:15:51.493, [N/A], 1354 MHz, 3504 MHz, 1354 MHz, 1356 MiB, 692 MiB
0, 2021/01/22 04:15:52.512, [N/A], 1354 MHz, 3504 MHz, 1354 MHz, 1356 MiB, 692 MiB
0, 2021/01/22 04:15:53.520, [N/A], 1354 MHz, 3504 MHz, 1354 MHz, 1356 MiB, 692 MiB
0, 2021/01/22 04:15:54.537, [N/A], 1493 MHz, 3504 MHz, 1493 MHz, 1356 MiB, 692 MiB
0, 2021/01/22 04:15:55.598, [N/A], 1746 MHz, 3504 MHz, 1746 MHz, 1356 MiB, 692 MiB
0, 2021/01/22 04:15:56.616, [N/A], 1746 MHz, 3504 MHz, 1746 MHz, 1356 MiB, 692 MiB
0, 2021/01/22 04:15:57.633, [N/A], 1746 MHz, 3504 MHz, 1746 MHz, 1356 MiB, 692 MiB
0, 2021/01/22 04:15:58.653, [N/A], 1746 MHz, 3504 MHz, 1746 MHz, 1356 MiB, 692 MiB
0, 2021/01/22 04:15:59.671, [N/A], 1746 MHz, 3504 MHz, 1746 MHz, 1356 MiB, 692 MiB
0, 2021/01/22 04:16:00.689, [N/A], 1746 MHz, 3504 MHz, 1746 MHz, 1356 MiB, 692 MiB
0, 2021/01/22 04:16:01.709, [N/A], 1746 MHz, 3504 MHz, 1746 MHz, 1356 MiB, 692 MiB
0, 2021/01/22 04:16:02.728, [N/A], 1746 MHz, 3504 MHz, 1746 MHz, 1356 MiB, 692 MiB
0, 2021/01/22 04:16:03.746, [N/A], 1746 MHz, 3504 MHz, 1746 MHz, 1356 MiB, 692 MiB
0, 2021/01/22 04:16:04.763, [N/A], 1746 MHz, 3504 MHz, 1746 MHz, 1356 MiB, 692 MiB
0, 2021/01/22 04:16:05.779, [N/A], 1746 MHz, 3504 MHz, 1746 MHz, 1356 MiB, 692 MiB
0, 2021/01/22 04:16:06.796, [N/A], 1746 MHz, 3504 MHz, 1746 MHz, 1356 MiB, 692 MiB
0, 2021/01/22 04:16:07.806, [N/A], 1746 MHz, 3504 MHz, 1746 MHz, 1356 MiB, 692 MiB
0, 2021/01/22 04:16:08.830, [N/A], 1746 MHz, 3504 MHz, 1746 MHz, 1356 MiB, 692 MiB
0, 2021/01/22 04:16:09.844, [N/A], 1746 MHz, 3504 MHz, 1746 MHz, 1356 MiB, 692 MiB
0, 2021/01/22 04:16:10.855, [N/A], 1746 MHz, 3504 MHz, 1746 MHz, 1356 MiB, 692 MiB
0, 2021/01/22 04:16:11.876, [N/A], 1746 MHz, 3504 MHz, 1746 MHz, 1356 MiB, 692 MiB
0, 2021/01/22 04:16:12.891, [N/A], 1746 MHz, 3504 MHz, 1746 MHz, 1356 MiB, 692 MiB
0, 2021/01/22 04:16:13.903, [N/A], 1746 MHz, 3504 MHz, 1746 MHz, 1356 MiB, 692 MiB
0, 2021/01/22 04:16:14.920, [N/A], 1746 MHz, 3504 MHz, 1746 MHz, 1356 MiB, 692 MiB
0, 2021/01/22 04:16:15.940, [N/A], 1746 MHz, 3504 MHz, 1746 MHz, 1356 MiB, 692 MiB
0, 2021/01/22 04:16:16.958, [N/A], 1746 MHz, 3504 MHz, 1746 MHz, 1356 MiB, 692 MiB
0, 2021/01/22 04:16:17.975, [N/A], 1746 MHz, 3504 MHz, 1746 MHz, 1356 MiB, 692 MiB
0, 2021/01/22 04:16:18.993, [N/A], 1746 MHz, 3504 MHz, 1746 MHz, 1356 MiB, 692 MiB
0, 2021/01/22 04:16:20.012, [N/A], 1746 MHz, 3504 MHz, 1746 MHz, 1356 MiB, 692 MiB
0, 2021/01/22 04:16:21.046, [N/A], 1746 MHz, 3504 MHz, 1746 MHz, 1356 MiB, 692 MiB
0, 2021/01/22 04:16:22.064, [N/A], 1746 MHz, 3504 MHz, 1746 MHz, 1356 MiB, 692 MiB
0, 2021/01/22 04:16:23.083, [N/A], 1746 MHz, 3504 MHz, 1746 MHz, 1356 MiB, 692 MiB
0, 2021/01/22 04:16:24.107, [N/A], 1746 MHz, 3504 MHz, 1746 MHz, 1356 MiB, 692 MiB
0, 2021/01/22 04:16:25.122, [N/A], 1746 MHz, 3504 MHz, 1746 MHz, 1356 MiB, 692 MiB
0, 2021/01/22 04:16:26.136, [N/A], 1746 MHz, 3504 MHz, 1746 MHz, 1356 MiB, 692 MiB
0, 2021/01/22 04:16:27.155, [N/A], 1746 MHz, 3504 MHz, 1746 MHz, 1356 MiB, 692 MiB
0, 2021/01/22 04:16:28.161, [N/A], 1746 MHz, 3504 MHz, 1746 MHz, 1356 MiB, 692 MiB
0, 2021/01/22 04:16:29.179, [N/A], 1746 MHz, 3504 MHz, 1746 MHz, 1356 MiB, 692 MiB
0, 2021/01/22 04:16:30.196, [N/A], 1354 MHz, 3504 MHz, 1354 MHz, 1356 MiB, 692 MiB
0, 2021/01/22 04:16:31.208, [N/A], 1354 MHz, 3504 MHz, 1354 MHz, 1356 MiB, 692 MiB
0, 2021/01/22 04:16:32.227, [N/A], 1746 MHz, 3504 MHz, 1746 MHz, 1356 MiB, 692 MiB
0, 2021/01/22 04:16:33.246, [N/A], 1746 MHz, 3504 MHz, 1746 MHz, 1356 MiB, 692 MiB
0, 2021/01/22 04:16:34.264, [N/A], 1746 MHz, 3504 MHz, 1746 MHz, 1356 MiB, 692 MiB
0, 2021/01/22 04:16:35.282, [N/A], 1746 MHz, 3504 MHz, 1746 MHz, 1356 MiB, 692 MiB
0, 2021/01/22 04:16:36.300, [N/A], 1746 MHz, 3504 MHz, 1746 MHz, 1356 MiB, 692 MiB
0, 2021/01/22 04:16:37.311, [N/A], 1746 MHz, 3504 MHz, 1746 MHz, 1356 MiB, 692 MiB
0, 2021/01/22 04:16:38.327, [N/A], 1746 MHz, 3504 MHz, 1746 MHz, 1356 MiB, 692 MiB
0, 2021/01/22 04:16:39.344, [N/A], 1746 MHz, 3504 MHz, 1746 MHz, 1356 MiB, 692 MiB
0, 2021/01/22 04:16:40.361, [N/A], 1746 MHz, 3504 MHz, 1746 MHz, 1356 MiB, 692 MiB
0, 2021/01/22 04:16:41.384, [N/A], 1746 MHz, 3504 MHz, 1746 MHz, 1356 MiB, 692 MiB
0, 2021/01/22 04:16:42.390, [N/A], 1746 MHz, 3504 MHz, 1746 MHz, 1356 MiB, 692 MiB
0, 2021/01/22 04:16:43.406, [N/A], 1746 MHz, 3504 MHz, 1746 MHz, 1356 MiB, 692 MiB
0, 2021/01/22 04:16:44.418, [N/A], 1746 MHz, 3504 MHz, 1746 MHz, 1356 MiB, 692 MiB
0, 2021/01/22 04:16:45.435, [N/A], 1746 MHz, 3504 MHz, 1746 MHz, 1356 MiB, 692 MiB
0, 2021/01/22 04:16:46.451, [N/A], 1746 MHz, 3504 MHz, 1746 MHz, 1356 MiB, 692 MiB
0, 2021/01/22 04:16:47.468, [N/A], 1746 MHz, 3504 MHz, 1746 MHz, 1356 MiB, 692 MiB
0, 2021/01/22 04:16:48.486, [N/A], 1746 MHz, 3504 MHz, 1746 MHz, 1356 MiB, 692 MiB
0, 2021/01/22 04:16:49.504, [N/A], 1746 MHz, 3504 MHz, 1746 MHz, 1356 MiB, 692 MiB
0, 2021/01/22 04:16:50.522, [N/A], 1746 MHz, 3504 MHz, 1746 MHz, 1356 MiB, 692 MiB
0, 2021/01/22 04:16:51.541, [N/A], 1746 MHz, 3504 MHz, 1746 MHz, 1356 MiB, 692 MiB
0, 2021/01/22 04:16:52.560, [N/A], 1746 MHz, 3504 MHz, 1746 MHz, 1356 MiB, 692 MiB
0, 2021/01/22 04:16:53.578, [N/A], 1746 MHz, 3504 MHz, 1746 MHz, 1356 MiB, 692 MiB
0, 2021/01/22 04:16:54.592, [N/A], 1746 MHz, 3504 MHz, 1746 MHz, 1356 MiB, 692 MiB
0, 2021/01/22 04:16:55.609, [N/A], 1746 MHz, 3504 MHz, 1746 MHz, 1356 MiB, 692 MiB
0, 2021/01/22 04:16:56.628, [N/A], 1746 MHz, 3504 MHz, 1746 MHz, 1356 MiB, 692 MiB
0, 2021/01/22 04:16:57.641, [N/A], 1746 MHz, 3504 MHz, 1746 MHz, 1356 MiB, 692 MiB
0, 2021/01/22 04:16:58.658, [N/A], 1746 MHz, 3504 MHz, 1746 MHz, 1356 MiB, 692 MiB
0, 2021/01/22 04:16:59.674, [N/A], 1746 MHz, 3504 MHz, 1746 MHz, 1356 MiB, 692 MiB
0, 2021/01/22 04:17:00.691, [N/A], 1746 MHz, 3504 MHz, 1746 MHz, 1356 MiB, 692 MiB
0, 2021/01/22 04:17:01.708, [N/A], 1746 MHz, 3504 MHz, 1746 MHz, 1356 MiB, 692 MiB
0, 2021/01/22 04:17:02.726, [N/A], 1746 MHz, 3504 MHz, 1746 MHz, 1356 MiB, 692 MiB
0, 2021/01/22 04:17:03.744, [N/A], 1746 MHz, 3504 MHz, 1746 MHz, 1356 MiB, 692 MiB
0, 2021/01/22 04:17:04.761, [N/A], 1746 MHz, 3504 MHz, 1746 MHz, 1356 MiB, 692 MiB
0, 2021/01/22 04:17:05.776, [N/A], 1746 MHz, 3504 MHz, 1746 MHz, 1356 MiB, 692 MiB
0, 2021/01/22 04:17:06.796, [N/A], 1746 MHz, 3504 MHz, 1746 MHz, 1356 MiB, 692 MiB
0, 2021/01/22 04:17:07.811, [N/A], 1746 MHz, 3504 MHz, 1746 MHz, 1356 MiB, 692 MiB
0, 2021/01/22 04:17:08.827, [N/A], 1746 MHz, 3504 MHz, 1746 MHz, 1356 MiB, 692 MiB
0, 2021/01/22 04:17:09.848, [N/A], 1746 MHz, 3504 MHz, 1746 MHz, 1356 MiB, 692 MiB
0, 2021/01/22 04:17:10.867, [N/A], 1746 MHz, 3504 MHz, 1746 MHz, 1356 MiB, 692 MiB
0, 2021/01/22 04:17:11.875, [N/A], 1746 MHz, 3504 MHz, 1746 MHz, 1356 MiB, 692 MiB
0, 2021/01/22 04:17:12.893, [N/A], 1746 MHz, 3504 MHz, 1746 MHz, 1356 MiB, 692 MiB
0, 2021/01/22 04:17:13.911, [N/A], 1746 MHz, 3504 MHz, 1746 MHz, 1356 MiB, 692 MiB
0, 2021/01/22 04:17:14.929, [N/A], 1746 MHz, 3504 MHz, 1746 MHz, 1356 MiB, 692 MiB
0, 2021/01/22 04:17:15.946, [N/A], 1506 MHz, 3504 MHz, 1506 MHz, 1356 MiB, 692 MiB
0, 2021/01/22 04:17:16.963, [N/A], 1506 MHz, 3504 MHz, 1506 MHz, 1356 MiB, 692 MiB
0, 2021/01/22 04:17:17.986, [N/A], 1506 MHz, 3504 MHz, 1506 MHz, 1356 MiB, 692 MiB
0, 2021/01/22 04:17:19.007, [N/A], 1354 MHz, 3504 MHz, 1354 MHz, 1356 MiB, 692 MiB
0, 2021/01/22 04:17:20.022, [N/A], 1354 MHz, 3504 MHz, 1354 MHz, 1356 MiB, 692 MiB
0, 2021/01/22 04:17:21.041, [N/A], 1354 MHz, 3504 MHz, 1354 MHz, 1356 MiB, 692 MiB
0, 2021/01/22 04:17:22.061, [N/A], 1354 MHz, 3504 MHz, 1354 MHz, 1356 MiB, 692 MiB
0, 2021/01/22 04:17:23.079, [N/A], 1354 MHz, 3504 MHz, 1354 MHz, 1356 MiB, 692 MiB
0, 2021/01/22 04:17:24.100, [N/A], 1354 MHz, 3504 MHz, 1354 MHz, 1356 MiB, 692 MiB
0, 2021/01/22 04:17:25.121, [N/A], 1354 MHz, 3504 MHz, 1354 MHz, 1356 MiB, 692 MiB
0, 2021/01/22 04:17:26.140, [N/A], 1354 MHz, 3504 MHz, 1354 MHz, 1356 MiB, 692 MiB
0, 2021/01/22 04:17:27.156, [N/A], 1354 MHz, 3504 MHz, 1354 MHz, 1356 MiB, 692 MiB
0, 2021/01/22 04:17:28.176, [N/A], 1354 MHz, 3504 MHz, 1354 MHz, 1356 MiB, 692 MiB
0, 2021/01/22 04:17:29.184, [N/A], 1354 MHz, 3504 MHz, 1354 MHz, 1356 MiB, 692 MiB
0, 2021/01/22 04:17:30.205, [N/A], 1354 MHz, 3504 MHz, 1354 MHz, 1356 MiB, 692 MiB
0, 2021/01/22 04:17:31.224, [N/A], 1354 MHz, 3504 MHz, 1354 MHz, 1356 MiB, 692 MiB
0, 2021/01/22 04:17:32.241, [N/A], 1354 MHz, 3504 MHz, 1354 MHz, 1356 MiB, 692 MiB
0, 2021/01/22 04:17:33.258, [N/A], 1746 MHz, 3504 MHz, 1746 MHz, 1356 MiB, 692 MiB
0, 2021/01/22 04:17:34.275, [N/A], 1746 MHz, 3504 MHz, 1746 MHz, 1356 MiB, 692 MiB
0, 2021/01/22 04:17:35.293, [N/A], 1746 MHz, 3504 MHz, 1746 MHz, 1356 MiB, 692 MiB
0, 2021/01/22 04:17:36.310, [N/A], 1746 MHz, 3504 MHz, 1746 MHz, 1356 MiB, 692 MiB
0, 2021/01/22 04:17:37.327, [N/A], 1746 MHz, 3504 MHz, 1746 MHz, 1356 MiB, 692 MiB
0, 2021/01/22 04:17:38.335, [N/A], 1746 MHz, 3504 MHz, 1746 MHz, 1356 MiB, 692 MiB
0, 2021/01/22 04:17:39.355, [N/A], 1746 MHz, 3504 MHz, 1746 MHz, 1356 MiB, 692 MiB
0, 2021/01/22 04:17:40.367, [N/A], 1746 MHz, 3504 MHz, 1746 MHz, 1356 MiB, 692 MiB
0, 2021/01/22 04:17:41.460, [N/A], 1746 MHz, 3504 MHz, 1746 MHz, 1356 MiB, 692 MiB
0, 2021/01/22 04:17:42.474, [N/A], 1746 MHz, 3504 MHz, 1746 MHz, 1356 MiB, 692 MiB
0, 2021/01/22 04:17:43.492, [N/A], 1746 MHz, 3504 MHz, 1746 MHz, 1356 MiB, 692 MiB
0, 2021/01/22 04:17:44.508, [N/A], 1746 MHz, 3504 MHz, 1746 MHz, 1356 MiB, 692 MiB
0, 2021/01/22 04:17:45.525, [N/A], 1746 MHz, 3504 MHz, 1746 MHz, 1356 MiB, 692 MiB
0, 2021/01/22 04:17:46.542, [N/A], 1746 MHz, 3504 MHz, 1746 MHz, 1356 MiB, 692 MiB
0, 2021/01/22 04:17:47.560, [N/A], 1746 MHz, 3504 MHz, 1746 MHz, 1356 MiB, 692 MiB
0, 2021/01/22 04:17:48.580, [N/A], 1746 MHz, 3504 MHz, 1746 MHz, 1356 MiB, 692 MiB
0, 2021/01/22 04:17:49.592, [N/A], 1746 MHz, 3504 MHz, 1746 MHz, 1356 MiB, 692 MiB
0, 2021/01/22 04:17:50.610, [N/A], 1746 MHz, 3504 MHz, 1746 MHz, 1356 MiB, 692 MiB
0, 2021/01/22 04:17:51.673, [N/A], 1746 MHz, 3504 MHz, 1746 MHz, 1356 MiB, 692 MiB
0, 2021/01/22 04:17:52.694, [N/A], 1746 MHz, 3504 MHz, 1746 MHz, 1356 MiB, 692 MiB
0, 2021/01/22 04:17:53.711, [N/A], 1746 MHz, 3504 MHz, 1746 MHz, 1356 MiB, 692 MiB
0, 2021/01/22 04:17:54.728, [N/A], 1746 MHz, 3504 MHz, 1746 MHz, 1356 MiB, 692 MiB
0, 2021/01/22 04:17:55.746, [N/A], 1746 MHz, 3504 MHz, 1746 MHz, 1356 MiB, 692 MiB
0, 2021/01/22 04:17:56.764, [N/A], 1746 MHz, 3504 MHz, 1746 MHz, 1356 MiB, 692 MiB
0, 2021/01/22 04:17:57.781, [N/A], 1746 MHz, 3504 MHz, 1746 MHz, 1356 MiB, 692 MiB
0, 2021/01/22 04:17:58.798, [N/A], 1746 MHz, 3504 MHz, 1746 MHz, 1356 MiB, 692 MiB
0, 2021/01/22 04:17:59.815, [N/A], 1746 MHz, 3504 MHz, 1746 MHz, 1356 MiB, 692 MiB
0, 2021/01/22 04:18:00.834, [N/A], 1746 MHz, 3504 MHz, 1746 MHz, 1356 MiB, 692 MiB
0, 2021/01/22 04:18:01.856, [N/A], 1746 MHz, 3504 MHz, 1746 MHz, 1356 MiB, 692 MiB
0, 2021/01/22 04:18:02.872, [N/A], 1746 MHz, 3504 MHz, 1746 MHz, 1356 MiB, 692 MiB
0, 2021/01/22 04:18:03.892, [N/A], 1746 MHz, 3504 MHz, 1746 MHz, 1356 MiB, 692 MiB
0, 2021/01/22 04:18:04.908, [N/A], 1746 MHz, 3504 MHz, 1746 MHz, 1356 MiB, 692 MiB
0, 2021/01/22 04:18:05.929, [N/A], 1354 MHz, 3504 MHz, 1354 MHz, 1356 MiB, 692 MiB
0, 2021/01/22 04:18:06.940, [N/A], 1354 MHz, 3504 MHz, 1354 MHz, 1356 MiB, 692 MiB
0, 2021/01/22 04:18:07.956, [N/A], 1746 MHz, 3504 MHz, 1746 MHz, 1356 MiB, 692 MiB
0, 2021/01/22 04:18:08.973, [N/A], 1746 MHz, 3504 MHz, 1746 MHz, 1356 MiB, 692 MiB
0, 2021/01/22 04:18:09.990, [N/A], 1746 MHz, 3504 MHz, 1746 MHz, 1356 MiB, 692 MiB
0, 2021/01/22 04:18:11.008, [N/A], 1746 MHz, 3504 MHz, 1746 MHz, 1356 MiB, 692 MiB
0, 2021/01/22 04:18:12.025, [N/A], 1746 MHz, 3504 MHz, 1746 MHz, 1356 MiB, 692 MiB
0, 2021/01/22 04:18:13.049, [N/A], 1746 MHz, 3504 MHz, 1746 MHz, 1356 MiB, 692 MiB
0, 2021/01/22 04:18:14.069, [N/A], 1746 MHz, 3504 MHz, 1746 MHz, 1356 MiB, 692 MiB
0, 2021/01/22 04:18:15.081, [N/A], 1746 MHz, 3504 MHz, 1746 MHz, 1356 MiB, 692 MiB
0, 2021/01/22 04:18:16.097, [N/A], 1746 MHz, 3504 MHz, 1746 MHz, 1356 MiB, 692 MiB
0, 2021/01/22 04:18:17.116, [N/A], 1746 MHz, 3504 MHz, 1746 MHz, 1356 MiB, 692 MiB
0, 2021/01/22 04:18:18.135, [N/A], 1746 MHz, 3504 MHz, 1746 MHz, 1356 MiB, 692 MiB
0, 2021/01/22 04:18:19.150, [N/A], 1746 MHz, 3504 MHz, 1746 MHz, 1356 MiB, 692 MiB
0, 2021/01/22 04:18:20.169, [N/A], 1746 MHz, 3504 MHz, 1746 MHz, 1356 MiB, 692 MiB
0, 2021/01/22 04:18:21.180, [N/A], 1746 MHz, 3504 MHz, 1746 MHz, 1356 MiB, 692 MiB
0, 2021/01/22 04:18:22.197, [N/A], 1746 MHz, 3504 MHz, 1746 MHz, 1356 MiB, 692 MiB
0, 2021/01/22 04:18:23.213, [N/A], 1746 MHz, 3504 MHz, 1746 MHz, 1356 MiB, 692 MiB
0, 2021/01/22 04:18:24.230, [N/A], 1746 MHz, 3504 MHz, 1746 MHz, 1356 MiB, 692 MiB
0, 2021/01/22 04:18:25.248, [N/A], 1746 MHz, 3504 MHz, 1746 MHz, 1356 MiB, 692 MiB
0, 2021/01/22 04:18:26.265, [N/A], 1746 MHz, 3504 MHz, 1746 MHz, 1356 MiB, 692 MiB
0, 2021/01/22 04:18:27.288, [N/A], 1746 MHz, 3504 MHz, 1746 MHz, 1356 MiB, 692 MiB
0, 2021/01/22 04:18:28.308, [N/A], 1746 MHz, 3504 MHz, 1746 MHz, 1356 MiB, 692 MiB
0, 2021/01/22 04:18:29.326, [N/A], 1746 MHz, 3504 MHz, 1746 MHz, 1356 MiB, 692 MiB
0, 2021/01/22 04:18:30.343, [N/A], 1746 MHz, 3504 MHz, 1746 MHz, 1356 MiB, 692 MiB
0, 2021/01/22 04:18:31.360, [N/A], 1746 MHz, 3504 MHz, 1746 MHz, 1356 MiB, 692 MiB
0, 2021/01/22 04:18:32.377, [N/A], 1746 MHz, 3504 MHz, 1746 MHz, 1356 MiB, 692 MiB
0, 2021/01/22 04:18:33.394, [N/A], 1746 MHz, 3504 MHz, 1746 MHz, 1356 MiB, 692 MiB
0, 2021/01/22 04:18:34.410, [N/A], 1746 MHz, 3504 MHz, 1746 MHz, 1356 MiB, 692 MiB
0, 2021/01/22 04:18:35.427, [N/A], 1746 MHz, 3504 MHz, 1746 MHz, 1356 MiB, 692 MiB
0, 2021/01/22 04:18:36.435, [N/A], 1746 MHz, 3504 MHz, 1746 MHz, 1356 MiB, 692 MiB
0, 2021/01/22 04:18:37.454, [N/A], 1746 MHz, 3504 MHz, 1746 MHz, 1356 MiB, 692 MiB
0, 2021/01/22 04:18:38.471, [N/A], 1746 MHz, 3504 MHz, 1746 MHz, 1356 MiB, 692 MiB
0, 2021/01/22 04:18:39.490, [N/A], 1746 MHz, 3504 MHz, 1746 MHz, 1356 MiB, 692 MiB
0, 2021/01/22 04:18:40.507, [N/A], 1746 MHz, 3504 MHz, 1746 MHz, 1356 MiB, 692 MiB
0, 2021/01/22 04:18:41.525, [N/A], 1746 MHz, 3504 MHz, 1746 MHz, 1356 MiB, 692 MiB
0, 2021/01/22 04:18:42.542, [N/A], 1746 MHz, 3504 MHz, 1746 MHz, 1356 MiB, 692 MiB
0, 2021/01/22 04:18:43.555, [N/A], 1746 MHz, 3504 MHz, 1746 MHz, 1356 MiB, 692 MiB
0, 2021/01/22 04:18:44.569, [N/A], 1746 MHz, 3504 MHz, 1746 MHz, 1356 MiB, 692 MiB
0, 2021/01/22 04:18:45.575, [N/A], 1746 MHz, 3504 MHz, 1746 MHz, 1356 MiB, 692 MiB
0, 2021/01/22 04:18:46.582, [N/A], 1746 MHz, 3504 MHz, 1746 MHz, 1356 MiB, 692 MiB
0, 2021/01/22 04:18:47.602, [N/A], 1746 MHz, 3504 MHz, 1746 MHz, 1356 MiB, 692 MiB
0, 2021/01/22 04:18:48.623, [N/A], 1746 MHz, 3504 MHz, 1746 MHz, 1356 MiB, 692 MiB
0, 2021/01/22 04:18:49.639, [N/A], 1746 MHz, 3504 MHz, 1746 MHz, 1356 MiB, 692 MiB
0, 2021/01/22 04:18:50.659, [N/A], 1746 MHz, 3504 MHz, 1746 MHz, 1356 MiB, 692 MiB
0, 2021/01/22 04:18:51.675, [N/A], 1746 MHz, 3504 MHz, 1746 MHz, 1356 MiB, 692 MiB
0, 2021/01/22 04:18:52.693, [N/A], 1746 MHz, 3504 MHz, 1746 MHz, 1356 MiB, 692 MiB
0, 2021/01/22 04:18:53.710, [N/A], 1746 MHz, 3504 MHz, 1746 MHz, 1356 MiB, 692 MiB
0, 2021/01/22 04:18:54.728, [N/A], 1544 MHz, 3504 MHz, 1544 MHz, 1356 MiB, 692 MiB
0, 2021/01/22 04:18:55.745, [N/A], 1544 MHz, 3504 MHz, 1544 MHz, 1356 MiB, 692 MiB
0, 2021/01/22 04:18:56.760, [N/A], 1544 MHz, 3504 MHz, 1544 MHz, 1356 MiB, 692 MiB
0, 2021/01/22 04:18:57.775, [N/A], 1354 MHz, 3504 MHz, 1354 MHz, 1356 MiB, 692 MiB
0, 2021/01/22 04:18:58.792, [N/A], 1354 MHz, 3504 MHz, 1354 MHz, 1356 MiB, 692 MiB
0, 2021/01/22 04:18:59.806, [N/A], 1354 MHz, 3504 MHz, 1354 MHz, 1356 MiB, 692 MiB
0, 2021/01/22 04:19:00.824, [N/A], 1354 MHz, 3504 MHz, 1354 MHz, 1356 MiB, 692 MiB
0, 2021/01/22 04:19:01.842, [N/A], 1354 MHz, 3504 MHz, 1354 MHz, 1356 MiB, 692 MiB
0, 2021/01/22 04:19:02.861, [N/A], 1354 MHz, 3504 MHz, 1354 MHz, 1356 MiB, 692 MiB
0, 2021/01/22 04:19:03.875, [N/A], 1354 MHz, 3504 MHz, 1354 MHz, 1356 MiB, 692 MiB
0, 2021/01/22 04:19:04.904, [N/A], 1354 MHz, 3504 MHz, 1354 MHz, 1356 MiB, 692 MiB
0, 2021/01/22 04:19:05.923, [N/A], 1746 MHz, 3504 MHz, 1746 MHz, 1356 MiB, 692 MiB
0, 2021/01/22 04:19:06.940, [N/A], 1746 MHz, 3504 MHz, 1746 MHz, 1356 MiB, 692 MiB
0, 2021/01/22 04:19:07.955, [N/A], 1746 MHz, 3504 MHz, 1746 MHz, 1356 MiB, 692 MiB
0, 2021/01/22 04:19:08.964, [N/A], 1746 MHz, 3504 MHz, 1746 MHz, 1356 MiB, 692 MiB
0, 2021/01/22 04:19:09.981, [N/A], 1746 MHz, 3504 MHz, 1746 MHz, 1356 MiB, 692 MiB
0, 2021/01/22 04:19:10.996, [N/A], 1746 MHz, 3504 MHz, 1746 MHz, 1356 MiB, 692 MiB
0, 2021/01/22 04:19:12.014, [N/A], 1746 MHz, 3504 MHz, 1746 MHz, 1356 MiB, 692 MiB
0, 2021/01/22 04:19:13.034, [N/A], 1746 MHz, 3504 MHz, 1746 MHz, 1356 MiB, 692 MiB
0, 2021/01/22 04:19:14.049, [N/A], 1746 MHz, 3504 MHz, 1746 MHz, 1356 MiB, 692 MiB
0, 2021/01/22 04:19:15.064, [N/A], 1746 MHz, 3504 MHz, 1746 MHz, 1356 MiB, 692 MiB
0, 2021/01/22 04:19:16.081, [N/A], 1746 MHz, 3504 MHz, 1746 MHz, 1356 MiB, 692 MiB
0, 2021/01/22 04:19:17.099, [N/A], 1746 MHz, 3504 MHz, 1746 MHz, 1356 MiB, 692 MiB
0, 2021/01/22 04:19:18.120, [N/A], 1746 MHz, 3504 MHz, 1746 MHz, 1356 MiB, 692 MiB
0, 2021/01/22 04:19:19.133, [N/A], 1746 MHz, 3504 MHz, 1746 MHz, 1356 MiB, 692 MiB
0, 2021/01/22 04:19:20.153, [N/A], 1746 MHz, 3504 MHz, 1746 MHz, 1356 MiB, 692 MiB
0, 2021/01/22 04:19:21.173, [N/A], 1746 MHz, 3504 MHz, 1746 MHz, 1356 MiB, 692 MiB
0, 2021/01/22 04:19:22.192, [N/A], 1746 MHz, 3504 MHz, 1746 MHz, 1356 MiB, 692 MiB
0, 2021/01/22 04:19:23.208, [N/A], 1746 MHz, 3504 MHz, 1746 MHz, 1356 MiB, 692 MiB
0, 2021/01/22 04:19:24.218, [N/A], 1746 MHz, 3504 MHz, 1746 MHz, 1356 MiB, 692 MiB
0, 2021/01/22 04:19:25.234, [N/A], 1746 MHz, 3504 MHz, 1746 MHz, 1356 MiB, 692 MiB
0, 2021/01/22 04:19:26.247, [N/A], 1746 MHz, 3504 MHz, 1746 MHz, 1356 MiB, 692 MiB
0, 2021/01/22 04:19:27.270, [N/A], 1746 MHz, 3504 MHz, 1746 MHz, 1356 MiB, 692 MiB
0, 2021/01/22 04:19:28.287, [N/A], 1746 MHz, 3504 MHz, 1746 MHz, 1356 MiB, 692 MiB
0, 2021/01/22 04:19:29.306, [N/A], 1746 MHz, 3504 MHz, 1746 MHz, 1356 MiB, 692 MiB
0, 2021/01/22 04:19:30.319, [N/A], 1746 MHz, 3504 MHz, 1746 MHz, 1356 MiB, 692 MiB
0, 2021/01/22 04:19:31.337, [N/A], 1746 MHz, 3504 MHz, 1746 MHz, 1356 MiB, 692 MiB
0, 2021/01/22 04:19:32.355, [N/A], 1746 MHz, 3504 MHz, 1746 MHz, 1356 MiB, 692 MiB
0, 2021/01/22 04:19:33.460, [N/A], 1746 MHz, 3504 MHz, 1746 MHz, 1356 MiB, 692 MiB
0, 2021/01/22 04:19:34.470, [N/A], 1746 MHz, 3504 MHz, 1746 MHz, 1356 MiB, 692 MiB
0, 2021/01/22 04:19:35.488, [N/A], 1746 MHz, 3504 MHz, 1746 MHz, 1356 MiB, 692 MiB
0, 2021/01/22 04:19:36.505, [N/A], 1746 MHz, 3504 MHz, 1746 MHz, 1356 MiB, 692 MiB
0, 2021/01/22 04:19:37.522, [N/A], 1746 MHz, 3504 MHz, 1746 MHz, 1356 MiB, 692 MiB
0, 2021/01/22 04:19:38.540, [N/A], 1746 MHz, 3504 MHz, 1746 MHz, 1356 MiB, 692 MiB
0, 2021/01/22 04:19:39.555, [N/A], 1746 MHz, 3504 MHz, 1746 MHz, 1356 MiB, 692 MiB
0, 2021/01/22 04:19:40.567, [N/A], 1746 MHz, 3504 MHz, 1746 MHz, 1356 MiB, 692 MiB
0, 2021/01/22 04:19:41.584, [N/A], 1746 MHz, 3504 MHz, 1746 MHz, 1356 MiB, 692 MiB
0, 2021/01/22 04:19:42.602, [N/A], 1746 MHz, 3504 MHz, 1746 MHz, 1356 MiB, 692 MiB
0, 2021/01/22 04:19:43.620, [N/A], 1746 MHz, 3504 MHz, 1746 MHz, 1356 MiB, 692 MiB
0, 2021/01/22 04:19:44.639, [N/A], 1354 MHz, 3504 MHz, 1354 MHz, 1356 MiB, 692 MiB
0, 2021/01/22 04:19:45.653, [N/A], 1354 MHz, 3504 MHz, 1354 MHz, 1356 MiB, 692 MiB
0, 2021/01/22 04:19:46.671, [N/A], 1354 MHz, 3504 MHz, 1354 MHz, 1356 MiB, 692 MiB
0, 2021/01/22 04:19:47.694, [N/A], 1354 MHz, 3504 MHz, 1354 MHz, 1356 MiB, 692 MiB
0, 2021/01/22 04:19:48.716, [N/A], 1354 MHz, 3504 MHz, 1354 MHz, 1356 MiB, 692 MiB
0, 2021/01/22 04:19:49.730, [N/A], 1354 MHz, 3504 MHz, 1354 MHz, 1356 MiB, 692 MiB
0, 2021/01/22 04:19:50.744, [N/A], 1354 MHz, 3504 MHz, 1354 MHz, 1356 MiB, 692 MiB
0, 2021/01/22 04:19:51.766, [N/A], 1354 MHz, 3504 MHz, 1354 MHz, 1356 MiB, 692 MiB
0, 2021/01/22 04:19:52.783, [N/A], 1746 MHz, 3504 MHz, 1746 MHz, 1356 MiB, 692 MiB
0, 2021/01/22 04:19:53.804, [N/A], 1746 MHz, 3504 MHz, 1746 MHz, 1356 MiB, 692 MiB
0, 2021/01/22 04:19:54.814, [N/A], 1746 MHz, 3504 MHz, 1746 MHz, 1356 MiB, 692 MiB
0, 2021/01/22 04:19:55.832, [N/A], 1746 MHz, 3504 MHz, 1746 MHz, 1356 MiB, 692 MiB
0, 2021/01/22 04:19:56.850, [N/A], 1746 MHz, 3504 MHz, 1746 MHz, 1356 MiB, 692 MiB
0, 2021/01/22 04:19:57.868, [N/A], 1746 MHz, 3504 MHz, 1746 MHz, 1356 MiB, 692 MiB
0, 2021/01/22 04:19:58.886, [N/A], 1746 MHz, 3504 MHz, 1746 MHz, 1356 MiB, 692 MiB
0, 2021/01/22 04:19:59.902, [N/A], 1746 MHz, 3504 MHz, 1746 MHz, 1356 MiB, 692 MiB
0, 2021/01/22 04:20:00.918, [N/A], 1746 MHz, 3504 MHz, 1746 MHz, 1356 MiB, 692 MiB
0, 2021/01/22 04:20:01.932, [N/A], 1746 MHz, 3504 MHz, 1746 MHz, 1356 MiB, 692 MiB
0, 2021/01/22 04:20:02.940, [N/A], 1746 MHz, 3504 MHz, 1746 MHz, 1356 MiB, 692 MiB
0, 2021/01/22 04:20:03.959, [N/A], 1746 MHz, 3504 MHz, 1746 MHz, 1356 MiB, 692 MiB
0, 2021/01/22 04:20:04.978, [N/A], 1746 MHz, 3504 MHz, 1746 MHz, 1356 MiB, 692 MiB
0, 2021/01/22 04:20:05.997, [N/A], 1746 MHz, 3504 MHz, 1746 MHz, 1356 MiB, 692 MiB
0, 2021/01/22 04:20:07.013, [N/A], 1746 MHz, 3504 MHz, 1746 MHz, 1356 MiB, 692 MiB
0, 2021/01/22 04:20:08.030, [N/A], 1746 MHz, 3504 MHz, 1746 MHz, 1356 MiB, 692 MiB
0, 2021/01/22 04:20:09.045, [N/A], 1746 MHz, 3504 MHz, 1746 MHz, 1356 MiB, 692 MiB
0, 2021/01/22 04:20:10.062, [N/A], 1746 MHz, 3504 MHz, 1746 MHz, 1356 MiB, 692 MiB
0, 2021/01/22 04:20:11.079, [N/A], 1746 MHz, 3504 MHz, 1746 MHz, 1356 MiB, 692 MiB
0, 2021/01/22 04:20:12.095, [N/A], 1746 MHz, 3504 MHz, 1746 MHz, 1356 MiB, 692 MiB
0, 2021/01/22 04:20:13.117, [N/A], 1746 MHz, 3504 MHz, 1746 MHz, 1356 MiB, 692 MiB
0, 2021/01/22 04:20:14.136, [N/A], 1746 MHz, 3504 MHz, 1746 MHz, 1356 MiB, 692 MiB
0, 2021/01/22 04:20:15.144, [N/A], 1746 MHz, 3504 MHz, 1746 MHz, 1356 MiB, 692 MiB
0, 2021/01/22 04:20:16.159, [N/A], 1746 MHz, 3504 MHz, 1746 MHz, 1356 MiB, 692 MiB
0, 2021/01/22 04:20:17.179, [N/A], 1746 MHz, 3504 MHz, 1746 MHz, 1356 MiB, 692 MiB
0, 2021/01/22 04:20:18.191, [N/A], 1746 MHz, 3504 MHz, 1746 MHz, 1356 MiB, 692 MiB
0, 2021/01/22 04:20:19.208, [N/A], 1746 MHz, 3504 MHz, 1746 MHz, 1356 MiB, 692 MiB
0, 2021/01/22 04:20:20.224, [N/A], 1746 MHz, 3504 MHz, 1746 MHz, 1356 MiB, 692 MiB
0, 2021/01/22 04:20:21.242, [N/A], 1746 MHz, 3504 MHz, 1746 MHz, 1356 MiB, 692 MiB
0, 2021/01/22 04:20:22.263, [N/A], 1746 MHz, 3504 MHz, 1746 MHz, 1356 MiB, 692 MiB
0, 2021/01/22 04:20:23.284, [N/A], 1746 MHz, 3504 MHz, 1746 MHz, 1356 MiB, 692 MiB
0, 2021/01/22 04:20:24.295, [N/A], 1746 MHz, 3504 MHz, 1746 MHz, 1356 MiB, 692 MiB
0, 2021/01/22 04:20:25.307, [N/A], 1746 MHz, 3504 MHz, 1746 MHz, 1356 MiB, 692 MiB
0, 2021/01/22 04:20:26.320, [N/A], 1746 MHz, 3504 MHz, 1746 MHz, 1356 MiB, 692 MiB
0, 2021/01/22 04:20:27.333, [N/A], 1746 MHz, 3504 MHz, 1746 MHz, 1356 MiB, 692 MiB
0, 2021/01/22 04:20:28.348, [N/A], 1746 MHz, 3504 MHz, 1746 MHz, 1356 MiB, 692 MiB
0, 2021/01/22 04:20:29.367, [N/A], 1746 MHz, 3504 MHz, 1746 MHz, 1356 MiB, 692 MiB
0, 2021/01/22 04:20:30.377, [N/A], 1746 MHz, 3504 MHz, 1746 MHz, 1356 MiB, 692 MiB
0, 2021/01/22 04:20:31.394, [N/A], 1354 MHz, 3504 MHz, 1354 MHz, 1356 MiB, 692 MiB
0, 2021/01/22 04:20:32.415, [N/A], 1354 MHz, 3504 MHz, 1354 MHz, 1356 MiB, 692 MiB
0, 2021/01/22 04:20:33.432, [N/A], 1746 MHz, 3504 MHz, 1746 MHz, 1356 MiB, 692 MiB
0, 2021/01/22 04:20:34.449, [N/A], 1746 MHz, 3504 MHz, 1746 MHz, 1356 MiB, 692 MiB
0, 2021/01/22 04:20:35.465, [N/A], 1746 MHz, 3504 MHz, 1746 MHz, 1356 MiB, 692 MiB
0, 2021/01/22 04:20:36.483, [N/A], 1746 MHz, 3504 MHz, 1746 MHz, 1356 MiB, 692 MiB
0, 2021/01/22 04:20:37.493, [N/A], 1746 MHz, 3504 MHz, 1746 MHz, 1356 MiB, 692 MiB
0, 2021/01/22 04:20:38.504, [N/A], 1746 MHz, 3504 MHz, 1746 MHz, 1356 MiB, 692 MiB
0, 2021/01/22 04:20:39.519, [N/A], 1746 MHz, 3504 MHz, 1746 MHz, 1356 MiB, 692 MiB
0, 2021/01/22 04:20:40.540, [N/A], 1746 MHz, 3504 MHz, 1746 MHz, 1356 MiB, 692 MiB
0, 2021/01/22 04:20:41.559, [N/A], 1746 MHz, 3504 MHz, 1746 MHz, 1356 MiB, 692 MiB
0, 2021/01/22 04:20:42.577, [N/A], 1746 MHz, 3504 MHz, 1746 MHz, 1356 MiB, 692 MiB
0, 2021/01/22 04:20:43.592, [N/A], 1746 MHz, 3504 MHz, 1746 MHz, 1356 MiB, 692 MiB
0, 2021/01/22 04:20:44.611, [N/A], 1746 MHz, 3504 MHz, 1746 MHz, 1356 MiB, 692 MiB
0, 2021/01/22 04:20:45.631, [N/A], 1746 MHz, 3504 MHz, 1746 MHz, 1356 MiB, 692 MiB
0, 2021/01/22 04:20:46.641, [N/A], 1746 MHz, 3504 MHz, 1746 MHz, 1356 MiB, 692 MiB
0, 2021/01/22 04:20:47.661, [N/A], 1746 MHz, 3504 MHz, 1746 MHz, 1356 MiB, 692 MiB
0, 2021/01/22 04:20:48.679, [N/A], 1746 MHz, 3504 MHz, 1746 MHz, 1356 MiB, 692 MiB
0, 2021/01/22 04:20:49.696, [N/A], 1746 MHz, 3504 MHz, 1746 MHz, 1356 MiB, 692 MiB
0, 2021/01/22 04:20:50.714, [N/A], 1746 MHz, 3504 MHz, 1746 MHz, 1356 MiB, 692 MiB
0, 2021/01/22 04:20:51.730, [N/A], 1746 MHz, 3504 MHz, 1746 MHz, 1356 MiB, 692 MiB
0, 2021/01/22 04:20:52.757, [N/A], 1746 MHz, 3504 MHz, 1746 MHz, 1356 MiB, 692 MiB
0, 2021/01/22 04:20:53.774, [N/A], 1746 MHz, 3504 MHz, 1746 MHz, 1356 MiB, 692 MiB
0, 2021/01/22 04:20:54.793, [N/A], 1746 MHz, 3504 MHz, 1746 MHz, 1356 MiB, 692 MiB
0, 2021/01/22 04:20:55.810, [N/A], 1746 MHz, 3504 MHz, 1746 MHz, 1356 MiB, 692 MiB
0, 2021/01/22 04:20:56.819, [N/A], 1746 MHz, 3504 MHz, 1746 MHz, 1356 MiB, 692 MiB
0, 2021/01/22 04:20:57.829, [N/A], 1746 MHz, 3504 MHz, 1746 MHz, 1356 MiB, 692 MiB
0, 2021/01/22 04:20:58.845, [N/A], 1746 MHz, 3504 MHz, 1746 MHz, 1356 MiB, 692 MiB
0, 2021/01/22 04:20:59.863, [N/A], 1746 MHz, 3504 MHz, 1746 MHz, 1356 MiB, 692 MiB
0, 2021/01/22 04:21:00.880, [N/A], 1746 MHz, 3504 MHz, 1746 MHz, 1356 MiB, 692 MiB
0, 2021/01/22 04:21:01.897, [N/A], 1746 MHz, 3504 MHz, 1746 MHz, 1356 MiB, 692 MiB
0, 2021/01/22 04:21:02.915, [N/A], 1746 MHz, 3504 MHz, 1746 MHz, 1356 MiB, 692 MiB
0, 2021/01/22 04:21:03.936, [N/A], 1746 MHz, 3504 MHz, 1746 MHz, 1356 MiB, 692 MiB
0, 2021/01/22 04:21:04.971, [N/A], 1746 MHz, 3504 MHz, 1746 MHz, 1356 MiB, 692 MiB
0, 2021/01/22 04:21:05.985, [N/A], 1746 MHz, 3504 MHz, 1746 MHz, 1356 MiB, 692 MiB
0, 2021/01/22 04:21:07.002, [N/A], 1746 MHz, 3504 MHz, 1746 MHz, 1356 MiB, 692 MiB
0, 2021/01/22 04:21:08.010, [N/A], 1746 MHz, 3504 MHz, 1746 MHz, 1356 MiB, 692 MiB
0, 2021/01/22 04:21:09.029, [N/A], 1746 MHz, 3504 MHz, 1746 MHz, 1356 MiB, 692 MiB
0, 2021/01/22 04:21:10.046, [N/A], 1746 MHz, 3504 MHz, 1746 MHz, 1356 MiB, 692 MiB
0, 2021/01/22 04:21:11.054, [N/A], 1746 MHz, 3504 MHz, 1746 MHz, 1356 MiB, 692 MiB
0, 2021/01/22 04:21:12.067, [N/A], 1746 MHz, 3504 MHz, 1746 MHz, 1356 MiB, 692 MiB
0, 2021/01/22 04:21:13.086, [N/A], 1746 MHz, 3504 MHz, 1746 MHz, 1356 MiB, 692 MiB
0, 2021/01/22 04:21:14.104, [N/A], 1746 MHz, 3504 MHz, 1746 MHz, 1356 MiB, 692 MiB
0, 2021/01/22 04:21:15.121, [N/A], 1746 MHz, 3504 MHz, 1746 MHz, 1356 MiB, 692 MiB
0, 2021/01/22 04:21:16.138, [N/A], 1746 MHz, 3504 MHz, 1746 MHz, 1356 MiB, 692 MiB
0, 2021/01/22 04:21:17.155, [N/A], 1354 MHz, 3504 MHz, 1354 MHz, 1356 MiB, 692 MiB
0, 2021/01/22 04:21:18.174, [N/A], 1354 MHz, 3504 MHz, 1354 MHz, 1356 MiB, 692 MiB
0, 2021/01/22 04:21:19.182, [N/A], 1354 MHz, 3504 MHz, 1354 MHz, 1356 MiB, 692 MiB
0, 2021/01/22 04:21:20.200, [N/A], 1354 MHz, 3504 MHz, 1354 MHz, 1356 MiB, 692 MiB
0, 2021/01/22 04:21:21.215, [N/A], 1354 MHz, 3504 MHz, 1354 MHz, 1356 MiB, 692 MiB
0, 2021/01/22 04:21:22.233, [N/A], 1354 MHz, 3504 MHz, 1354 MHz, 1356 MiB, 692 MiB
0, 2021/01/22 04:21:23.250, [N/A], 1354 MHz, 3504 MHz, 1354 MHz, 1356 MiB, 692 MiB
0, 2021/01/22 04:21:24.257, [N/A], 1354 MHz, 3504 MHz, 1354 MHz, 1356 MiB, 692 MiB
0, 2021/01/22 04:21:25.273, [N/A], 1354 MHz, 3504 MHz, 1354 MHz, 1356 MiB, 692 MiB
0, 2021/01/22 04:21:26.288, [N/A], 1354 MHz, 3504 MHz, 1354 MHz, 1356 MiB, 692 MiB
0, 2021/01/22 04:21:27.295, [N/A], 1354 MHz, 3504 MHz, 1354 MHz, 1356 MiB, 692 MiB
0, 2021/01/22 04:21:28.302, [N/A], 1354 MHz, 3504 MHz, 1354 MHz, 1356 MiB, 692 MiB
0, 2021/01/22 04:21:29.311, [N/A], 1354 MHz, 3504 MHz, 1354 MHz, 1356 MiB, 692 MiB
0, 2021/01/22 04:21:30.320, [N/A], 1354 MHz, 3504 MHz, 1354 MHz, 1356 MiB, 692 MiB
0, 2021/01/22 04:21:31.335, [N/A], 1354 MHz, 3504 MHz, 1354 MHz, 1356 MiB, 692 MiB
0, 2021/01/22 04:21:32.342, [N/A], 1354 MHz, 3504 MHz, 1354 MHz, 1356 MiB, 692 MiB
0, 2021/01/22 04:21:33.356, [N/A], 607 MHz, 405 MHz, 607 MHz, 1356 MiB, 692 MiB
0, 2021/01/22 04:21:34.585, [N/A], 139 MHz, 405 MHz, 139 MHz, 1356 MiB, 692 MiB
0, 2021/01/22 04:21:35.608, [N/A], 139 MHz, 405 MHz, 139 MHz, 1356 MiB, 692 MiB
0, 2021/01/22 04:21:36.630, [N/A], 139 MHz, 405 MHz, 139 MHz, 1356 MiB, 692 MiB
0, 2021/01/22 04:21:37.649, [N/A], 139 MHz, 405 MHz, 139 MHz, 1356 MiB, 692 MiB
0, 2021/01/22 04:21:38.665, [N/A], 139 MHz, 405 MHz, 139 MHz, 1356 MiB, 692 MiB
0, 2021/01/22 04:21:39.678, [N/A], 1354 MHz, 3504 MHz, 1354 MHz, 1356 MiB, 692 MiB
0, 2021/01/22 04:21:40.687, [N/A], 1493 MHz, 3504 MHz, 1493 MHz, 1356 MiB, 692 MiB
0, 2021/01/22 04:21:41.700, [N/A], 1746 MHz, 3504 MHz, 1746 MHz, 1356 MiB, 692 MiB
0, 2021/01/22 04:21:42.717, [N/A], 1746 MHz, 3504 MHz, 1746 MHz, 1356 MiB, 692 MiB
0, 2021/01/22 04:21:43.727, [N/A], 1746 MHz, 3504 MHz, 1746 MHz, 1356 MiB, 692 MiB
0, 2021/01/22 04:21:44.747, [N/A], 1746 MHz, 3504 MHz, 1746 MHz, 1356 MiB, 692 MiB
0, 2021/01/22 04:21:45.766, [N/A], 1746 MHz, 3504 MHz, 1746 MHz, 1356 MiB, 692 MiB
0, 2021/01/22 04:21:46.786, [N/A], 1746 MHz, 3504 MHz, 1746 MHz, 1356 MiB, 692 MiB
0, 2021/01/22 04:21:47.796, [N/A], 1746 MHz, 3504 MHz, 1746 MHz, 1356 MiB, 692 MiB
0, 2021/01/22 04:21:48.814, [N/A], 1746 MHz, 3504 MHz, 1746 MHz, 1356 MiB, 692 MiB
0, 2021/01/22 04:21:49.827, [N/A], 1746 MHz, 3504 MHz, 1746 MHz, 1356 MiB, 692 MiB
0, 2021/01/22 04:21:50.847, [N/A], 1746 MHz, 3504 MHz, 1746 MHz, 1356 MiB, 692 MiB
0, 2021/01/22 04:21:51.861, [N/A], 1746 MHz, 3504 MHz, 1746 MHz, 1356 MiB, 692 MiB
0, 2021/01/22 04:21:52.869, [N/A], 1746 MHz, 3504 MHz, 1746 MHz, 1356 MiB, 692 MiB
0, 2021/01/22 04:21:53.880, [N/A], 1746 MHz, 3504 MHz, 1746 MHz, 1356 MiB, 692 MiB
0, 2021/01/22 04:21:54.897, [N/A], 1746 MHz, 3504 MHz, 1746 MHz, 1356 MiB, 692 MiB
0, 2021/01/22 04:21:55.914, [N/A], 1746 MHz, 3504 MHz, 1746 MHz, 1356 MiB, 692 MiB
0, 2021/01/22 04:21:56.931, [N/A], 1746 MHz, 3504 MHz, 1746 MHz, 1356 MiB, 692 MiB
0, 2021/01/22 04:21:57.948, [N/A], 1746 MHz, 3504 MHz, 1746 MHz, 1356 MiB, 692 MiB
0, 2021/01/22 04:21:58.965, [N/A], 1746 MHz, 3504 MHz, 1746 MHz, 1356 MiB, 692 MiB
0, 2021/01/22 04:21:59.988, [N/A], 1746 MHz, 3504 MHz, 1746 MHz, 1356 MiB, 692 MiB
0, 2021/01/22 04:22:01.002, [N/A], 1746 MHz, 3504 MHz, 1746 MHz, 1356 MiB, 692 MiB
0, 2021/01/22 04:22:02.023, [N/A], 1746 MHz, 3504 MHz, 1746 MHz, 1356 MiB, 692 MiB
0, 2021/01/22 04:22:03.032, [N/A], 1746 MHz, 3504 MHz, 1746 MHz, 1356 MiB, 692 MiB
0, 2021/01/22 04:22:04.049, [N/A], 1746 MHz, 3504 MHz, 1746 MHz, 1356 MiB, 692 MiB
0, 2021/01/22 04:22:05.061, [N/A], 1746 MHz, 3504 MHz, 1746 MHz, 1356 MiB, 692 MiB
0, 2021/01/22 04:22:06.083, [N/A], 1746 MHz, 3504 MHz, 1746 MHz, 1356 MiB, 692 MiB
0, 2021/01/22 04:22:07.146, [N/A], 1746 MHz, 3504 MHz, 1746 MHz, 1356 MiB, 692 MiB
0, 2021/01/22 04:22:08.163, [N/A], 1746 MHz, 3504 MHz, 1746 MHz, 1356 MiB, 692 MiB
0, 2021/01/22 04:22:09.181, [N/A], 1746 MHz, 3504 MHz, 1746 MHz, 1356 MiB, 692 MiB
0, 2021/01/22 04:22:10.199, [N/A], 1746 MHz, 3504 MHz, 1746 MHz, 1356 MiB, 692 MiB
0, 2021/01/22 04:22:11.216, [N/A], 1746 MHz, 3504 MHz, 1746 MHz, 1356 MiB, 692 MiB
0, 2021/01/22 04:22:12.234, [N/A], 1746 MHz, 3504 MHz, 1746 MHz, 1356 MiB, 692 MiB
0, 2021/01/22 04:22:13.250, [N/A], 1746 MHz, 3504 MHz, 1746 MHz, 1356 MiB, 692 MiB
0, 2021/01/22 04:22:14.264, [N/A], 1746 MHz, 3504 MHz, 1746 MHz, 1356 MiB, 692 MiB
0, 2021/01/22 04:22:15.282, [N/A], 1746 MHz, 3504 MHz, 1746 MHz, 1356 MiB, 692 MiB
0, 2021/01/22 04:22:16.301, [N/A], 1746 MHz, 3504 MHz, 1746 MHz, 1356 MiB, 692 MiB
0, 2021/01/22 04:22:17.320, [N/A], 1746 MHz, 3504 MHz, 1746 MHz, 1356 MiB, 692 MiB
0, 2021/01/22 04:22:18.341, [N/A], 1746 MHz, 3504 MHz, 1746 MHz, 1356 MiB, 692 MiB
0, 2021/01/22 04:22:19.359, [N/A], 1746 MHz, 3504 MHz, 1746 MHz, 1356 MiB, 692 MiB
0, 2021/01/22 04:22:20.380, [N/A], 1354 MHz, 3504 MHz, 1354 MHz, 1356 MiB, 692 MiB
0, 2021/01/22 04:22:21.396, [N/A], 1354 MHz, 3504 MHz, 1354 MHz, 1356 MiB, 692 MiB
0, 2021/01/22 04:22:22.417, [N/A], 1354 MHz, 3504 MHz, 1354 MHz, 1356 MiB, 692 MiB
0, 2021/01/22 04:22:23.438, [N/A], 1354 MHz, 3504 MHz, 1354 MHz, 1356 MiB, 692 MiB
0, 2021/01/22 04:22:24.458, [N/A], 1354 MHz, 3504 MHz, 1354 MHz, 1356 MiB, 692 MiB
0, 2021/01/22 04:22:25.470, [N/A], 1354 MHz, 3504 MHz, 1354 MHz, 1356 MiB, 692 MiB
0, 2021/01/22 04:22:26.489, [N/A], 1354 MHz, 3504 MHz, 1354 MHz, 1356 MiB, 692 MiB
0, 2021/01/22 04:22:27.509, [N/A], 1354 MHz, 3504 MHz, 1354 MHz, 1356 MiB, 692 MiB
0, 2021/01/22 04:22:28.526, [N/A], 1354 MHz, 3504 MHz, 1354 MHz, 1356 MiB, 692 MiB
0, 2021/01/22 04:22:29.541, [N/A], 1354 MHz, 3504 MHz, 1354 MHz, 1356 MiB, 692 MiB
0, 2021/01/22 04:22:30.560, [N/A], 1354 MHz, 3504 MHz, 1354 MHz, 1356 MiB, 692 MiB
0, 2021/01/22 04:22:31.578, [N/A], 1354 MHz, 3504 MHz, 1354 MHz, 1356 MiB, 692 MiB
0, 2021/01/22 04:22:32.585, [N/A], 1354 MHz, 3504 MHz, 1354 MHz, 1356 MiB, 692 MiB
0, 2021/01/22 04:22:33.605, [N/A], 1354 MHz, 3504 MHz, 1354 MHz, 1356 MiB, 692 MiB
0, 2021/01/22 04:22:34.620, [N/A], 1354 MHz, 3504 MHz, 1354 MHz, 1356 MiB, 692 MiB
0, 2021/01/22 04:22:35.638, [N/A], 1354 MHz, 3504 MHz, 1354 MHz, 1356 MiB, 692 MiB
0, 2021/01/22 04:22:36.658, [N/A], 1354 MHz, 3504 MHz, 1354 MHz, 1356 MiB, 692 MiB
0, 2021/01/22 04:22:37.664, [N/A], 1354 MHz, 3504 MHz, 1354 MHz, 1356 MiB, 692 MiB
0, 2021/01/22 04:22:38.683, [N/A], 1354 MHz, 3504 MHz, 1354 MHz, 1356 MiB, 692 MiB
0, 2021/01/22 04:22:39.698, [N/A], 1354 MHz, 3504 MHz, 1354 MHz, 1356 MiB, 692 MiB
0, 2021/01/22 04:22:40.708, [N/A], 1354 MHz, 3504 MHz, 1354 MHz, 1356 MiB, 692 MiB
0, 2021/01/22 04:22:41.725, [N/A], 1354 MHz, 3504 MHz, 1354 MHz, 1356 MiB, 692 MiB
0, 2021/01/22 04:22:42.733, [N/A], 1354 MHz, 3504 MHz, 1354 MHz, 1356 MiB, 692 MiB
0, 2021/01/22 04:22:43.752, [N/A], 1354 MHz, 3504 MHz, 1354 MHz, 1356 MiB, 692 MiB
0, 2021/01/22 04:22:44.761, [N/A], 1354 MHz, 3504 MHz, 1354 MHz, 1356 MiB, 692 MiB
0, 2021/01/22 04:22:45.781, [N/A], 139 MHz, 405 MHz, 139 MHz, 1356 MiB, 692 MiB
0, 2021/01/22 04:22:46.802, [N/A], 607 MHz, 405 MHz, 607 MHz, 1356 MiB, 692 MiB
0, 2021/01/22 04:22:48.030, [N/A], 139 MHz, 405 MHz, 139 MHz, 1356 MiB, 692 MiB
0, 2021/01/22 04:22:49.046, [N/A], 139 MHz, 405 MHz, 139 MHz, 1356 MiB, 692 MiB
0, 2021/01/22 04:22:50.066, [N/A], 139 MHz, 405 MHz, 139 MHz, 1356 MiB, 692 MiB
0, 2021/01/22 04:22:51.084, [N/A], 139 MHz, 405 MHz, 139 MHz, 1356 MiB, 692 MiB
0, 2021/01/22 04:22:52.103, [N/A], 139 MHz, 405 MHz, 139 MHz, 1356 MiB, 692 MiB
0, 2021/01/22 04:22:53.122, [N/A], 1354 MHz, 3504 MHz, 1354 MHz, 1356 MiB, 692 MiB
0, 2021/01/22 04:22:54.138, [N/A], 1746 MHz, 3504 MHz, 1746 MHz, 1356 MiB, 692 MiB
0, 2021/01/22 04:22:55.155, [N/A], 1746 MHz, 3504 MHz, 1746 MHz, 1356 MiB, 692 MiB
0, 2021/01/22 04:22:56.172, [N/A], 1746 MHz, 3504 MHz, 1746 MHz, 1356 MiB, 692 MiB
0, 2021/01/22 04:22:57.184, [N/A], 1746 MHz, 3504 MHz, 1746 MHz, 1356 MiB, 692 MiB
0, 2021/01/22 04:22:58.200, [N/A], 1746 MHz, 3504 MHz, 1746 MHz, 1356 MiB, 692 MiB
0, 2021/01/22 04:22:59.215, [N/A], 1746 MHz, 3504 MHz, 1746 MHz, 1356 MiB, 692 MiB
0, 2021/01/22 04:23:00.233, [N/A], 1746 MHz, 3504 MHz, 1746 MHz, 1356 MiB, 692 MiB
0, 2021/01/22 04:23:01.251, [N/A], 1746 MHz, 3504 MHz, 1746 MHz, 1356 MiB, 692 MiB
0, 2021/01/22 04:23:02.270, [N/A], 1746 MHz, 3504 MHz, 1746 MHz, 1356 MiB, 692 MiB
0, 2021/01/22 04:23:03.282, [N/A], 1746 MHz, 3504 MHz, 1746 MHz, 1356 MiB, 692 MiB
0, 2021/01/22 04:23:04.299, [N/A], 1746 MHz, 3504 MHz, 1746 MHz, 1356 MiB, 692 MiB
0, 2021/01/22 04:23:05.317, [N/A], 1746 MHz, 3504 MHz, 1746 MHz, 1356 MiB, 692 MiB
0, 2021/01/22 04:23:06.332, [N/A], 1746 MHz, 3504 MHz, 1746 MHz, 1356 MiB, 692 MiB
0, 2021/01/22 04:23:07.421, [N/A], 1746 MHz, 3504 MHz, 1746 MHz, 1356 MiB, 692 MiB
0, 2021/01/22 04:23:08.436, [N/A], 1746 MHz, 3504 MHz, 1746 MHz, 1356 MiB, 692 MiB
0, 2021/01/22 04:23:09.448, [N/A], 1746 MHz, 3504 MHz, 1746 MHz, 1356 MiB, 692 MiB
0, 2021/01/22 04:23:10.461, [N/A], 1746 MHz, 3504 MHz, 1746 MHz, 1356 MiB, 692 MiB
0, 2021/01/22 04:23:11.470, [N/A], 1746 MHz, 3504 MHz, 1746 MHz, 1356 MiB, 692 MiB
0, 2021/01/22 04:23:12.493, [N/A], 1746 MHz, 3504 MHz, 1746 MHz, 1356 MiB, 692 MiB
0, 2021/01/22 04:23:13.512, [N/A], 1746 MHz, 3504 MHz, 1746 MHz, 1356 MiB, 692 MiB
0, 2021/01/22 04:23:14.531, [N/A], 1746 MHz, 3504 MHz, 1746 MHz, 1356 MiB, 692 MiB
0, 2021/01/22 04:23:15.546, [N/A], 1746 MHz, 3504 MHz, 1746 MHz, 1356 MiB, 692 MiB
0, 2021/01/22 04:23:16.560, [N/A], 1746 MHz, 3504 MHz, 1746 MHz, 1356 MiB, 692 MiB
0, 2021/01/22 04:23:17.573, [N/A], 1746 MHz, 3504 MHz, 1746 MHz, 1356 MiB, 692 MiB
0, 2021/01/22 04:23:18.584, [N/A], 1746 MHz, 3504 MHz, 1746 MHz, 1356 MiB, 692 MiB
0, 2021/01/22 04:23:19.598, [N/A], 607 MHz, 405 MHz, 607 MHz, 1356 MiB, 692 MiB
0, 2021/01/22 04:23:20.823, [N/A], 1354 MHz, 3504 MHz, 1354 MHz, 1356 MiB, 692 MiB
0, 2021/01/22 04:23:21.839, [N/A], 1746 MHz, 3504 MHz, 1746 MHz, 1356 MiB, 692 MiB
0, 2021/01/22 04:23:22.857, [N/A], 1746 MHz, 3504 MHz, 1746 MHz, 1356 MiB, 692 MiB
0, 2021/01/22 04:23:23.874, [N/A], 1746 MHz, 3504 MHz, 1746 MHz, 1356 MiB, 692 MiB
0, 2021/01/22 04:23:24.892, [N/A], 1746 MHz, 3504 MHz, 1746 MHz, 1356 MiB, 692 MiB
0, 2021/01/22 04:23:25.910, [N/A], 1746 MHz, 3504 MHz, 1746 MHz, 1356 MiB, 692 MiB
0, 2021/01/22 04:23:26.928, [N/A], 1746 MHz, 3504 MHz, 1746 MHz, 1356 MiB, 692 MiB
0, 2021/01/22 04:23:27.943, [N/A], 1746 MHz, 3504 MHz, 1746 MHz, 1356 MiB, 692 MiB
0, 2021/01/22 04:23:28.957, [N/A], 1746 MHz, 3504 MHz, 1746 MHz, 1356 MiB, 692 MiB
0, 2021/01/22 04:23:29.975, [N/A], 1746 MHz, 3504 MHz, 1746 MHz, 1356 MiB, 692 MiB
0, 2021/01/22 04:23:30.988, [N/A], 1746 MHz, 3504 MHz, 1746 MHz, 1356 MiB, 692 MiB
0, 2021/01/22 04:23:31.995, [N/A], 1746 MHz, 3504 MHz, 1746 MHz, 1356 MiB, 692 MiB
0, 2021/01/22 04:23:33.002, [N/A], 1354 MHz, 3504 MHz, 1354 MHz, 1356 MiB, 692 MiB
0, 2021/01/22 04:23:34.020, [N/A], 1746 MHz, 3504 MHz, 1746 MHz, 1356 MiB, 692 MiB
0, 2021/01/22 04:23:35.038, [N/A], 1746 MHz, 3504 MHz, 1746 MHz, 1356 MiB, 692 MiB
0, 2021/01/22 04:23:36.055, [N/A], 1746 MHz, 3504 MHz, 1746 MHz, 1356 MiB, 692 MiB
0, 2021/01/22 04:23:37.072, [N/A], 1746 MHz, 3504 MHz, 1746 MHz, 1356 MiB, 692 MiB
0, 2021/01/22 04:23:38.091, [N/A], 1746 MHz, 3504 MHz, 1746 MHz, 1356 MiB, 692 MiB
0, 2021/01/22 04:23:39.110, [N/A], 1746 MHz, 3504 MHz, 1746 MHz, 1356 MiB, 692 MiB
0, 2021/01/22 04:23:40.131, [N/A], 1746 MHz, 3504 MHz, 1746 MHz, 1356 MiB, 692 MiB
0, 2021/01/22 04:23:41.145, [N/A], 1746 MHz, 3504 MHz, 1746 MHz, 1356 MiB, 692 MiB
0, 2021/01/22 04:23:42.160, [N/A], 1746 MHz, 3504 MHz, 1746 MHz, 1356 MiB, 692 MiB
0, 2021/01/22 04:23:43.170, [N/A], 1746 MHz, 3504 MHz, 1746 MHz, 1356 MiB, 692 MiB
0, 2021/01/22 04:23:44.186, [N/A], 1746 MHz, 3504 MHz, 1746 MHz, 1356 MiB, 692 MiB
0, 2021/01/22 04:23:45.206, [N/A], 1746 MHz, 3504 MHz, 1746 MHz, 1356 MiB, 692 MiB
0, 2021/01/22 04:23:46.225, [N/A], 1746 MHz, 3504 MHz, 1746 MHz, 1356 MiB, 692 MiB
0, 2021/01/22 04:23:47.234, [N/A], 1746 MHz, 3504 MHz, 1746 MHz, 1356 MiB, 692 MiB
0, 2021/01/22 04:23:48.244, [N/A], 1746 MHz, 3504 MHz, 1746 MHz, 1356 MiB, 692 MiB
0, 2021/01/22 04:23:49.263, [N/A], 1746 MHz, 3504 MHz, 1746 MHz, 1356 MiB, 692 MiB
0, 2021/01/22 04:23:50.277, [N/A], 1746 MHz, 3504 MHz, 1746 MHz, 1356 MiB, 692 MiB
0, 2021/01/22 04:23:51.297, [N/A], 1746 MHz, 3504 MHz, 1746 MHz, 1356 MiB, 692 MiB
0, 2021/01/22 04:23:52.305, [N/A], 1746 MHz, 3504 MHz, 1746 MHz, 1356 MiB, 692 MiB
0, 2021/01/22 04:23:53.314, [N/A], 1746 MHz, 3504 MHz, 1746 MHz, 1356 MiB, 692 MiB
0, 2021/01/22 04:23:54.328, [N/A], 1746 MHz, 3504 MHz, 1746 MHz, 1356 MiB, 692 MiB
0, 2021/01/22 04:23:55.346, [N/A], 1746 MHz, 3504 MHz, 1746 MHz, 1356 MiB, 692 MiB
0, 2021/01/22 04:23:56.360, [N/A], 1746 MHz, 3504 MHz, 1746 MHz, 1356 MiB, 692 MiB
0, 2021/01/22 04:23:57.375, [N/A], 1746 MHz, 3504 MHz, 1746 MHz, 68 MiB, 1980 MiB
0, 2021/01/22 04:23:58.394, [N/A], 1746 MHz, 3504 MHz, 1746 MHz, 68 MiB, 1980 MiB
0, 2021/01/22 04:23:59.412, [N/A], 607 MHz, 405 MHz, 607 MHz, 68 MiB, 1980 MiB
0, 2021/01/22 04:24:00.639, [N/A], 607 MHz, 405 MHz, 607 MHz, 68 MiB, 1980 MiB
